0,ALFA ROMEO,อัลฟ่า โรเมโอ,145,145,โฉมปี 1994-2000,EURO_CAR
1,ALFA ROMEO,อัลฟ่า โรเมโอ,146,146,โฉมปี 1994-2000,EURO_CAR
2,ALFA ROMEO,อัลฟ่า โรเมโอ,155,155,โฉมปี 1992-1998,EURO_CAR
3,ALFA ROMEO,อัลฟ่า โรเมโอ,156,156,โฉมปี 1997-2007,EURO_CAR
4,ALFA ROMEO,อัลฟ่า โรเมโอ,164,164,โฉมปี 1987-1998,EURO_CAR
5,ALFA ROMEO,อัลฟ่า โรเมโอ,166,166,โฉมปี 1998-2005,EURO_CAR
6,AUDI,อาวดี้,80,80,-,EURO_CAR
7,AUDI,อาวดี้,100,100,-,EURO_CAR
8,AUDI,อาวดี้,200,200,-,EURO_CAR
9,AUDI,อาวดี้,A3,เอ3,-,EURO_CAR
10,AUDI,อาวดี้,A4,เอ4,-,EURO_CAR
11,AUDI,อาวดี้,A4,เอ4,โฉมปี 2000-2005 (B6),EURO_CAR
12,AUDI,อาวดี้,A6,เอ6,-,EURO_CAR
13,AUDI,อาวดี้,A8,เอ8,-,EURO_CAR
14,AUDI,อาวดี้,Q3,คิว3,-,EURO_CAR
15,AUDI,อาวดี้,Q5,คิว5,-,EURO_CAR
16,AUDI,อาวดี้,Q5,คิว5,โฉมปี 2008-2016,EURO_CAR
17,AUDI,อาวดี้,Q7,คิว7,-,EURO_CAR
18,AUDI,อาวดี้,R8,อาร์8,-,EURO_CAR
19,AUDI,อาวดี้,S2 COUPE,เอส2 คูเป้,-,EURO_CAR
20,AUDI,อาวดี้,S4,เอส4,-,EURO_CAR
21,AUDI,อาวดี้,S6,เอส6,-,EURO_CAR
22,AUDI,อาวดี้,TT,ทีที,-,EURO_CAR
23,BMW,บีเอ็มดับเบิลยู,M3,เอ็ม3,โฉมปี 1990-2000 (E36),EURO_CAR
24,BMW,บีเอ็มดับเบิลยู,M3,เอ็ม3,โฉมปี 1997-2006 (E46),EURO_CAR
25,BMW,บีเอ็มดับเบิลยู,M3,เอ็ม3,โฉมปี 2014-2018 (F80),EURO_CAR
26,BMW,บีเอ็มดับเบิลยู,M5,เอ็ม5,โฉมปี 2003-2010 (E60),EURO_CAR
27,BMW,บีเอ็มดับเบิลยู,SERIES 1,ซีรี่ย์1,โฉมปี 2004-2013 (E87),EURO_CAR
28,BMW,บีเอ็มดับเบิลยู,SERIES 1,ซีรี่ย์1,โฉมปี 2012-2016 (F20),EURO_CAR
29,BMW,บีเอ็มดับเบิลยู,"SERIES 1, 114i","ซีรี่ย์1, 114ไอ",โฉมปี 2011-2019 (F20),EURO_CAR
30,BMW,บีเอ็มดับเบิลยู,"SERIES 1, 114i","ซีรี่ย์1, 114ไอ",โฉมปี 2011-2019 (F21),EURO_CAR
31,BMW,บีเอ็มดับเบิลยู,"SERIES 1, 116i","ซีรี่ย์1, 116ไอ",โฉมปี 2004-2013 (E87),EURO_CAR
32,BMW,บีเอ็มดับเบิลยู,"SERIES 1, 116i","ซีรี่ย์1, 116ไอ",โฉมปี 2011-2019 (F20),EURO_CAR
33,BMW,บีเอ็มดับเบิลยู,"SERIES 1, 116i","ซีรี่ย์1, 116ไอ",โฉมปี 2011-2019 (F21),EURO_CAR
34,BMW,บีเอ็มดับเบิลยู,"SERIES 1, 118i","ซีรี่ย์1, 118ไอ",โฉมปี 2004-2013 (E87),EURO_CAR
35,BMW,บีเอ็มดับเบิลยู,"SERIES 1, 118i","ซีรี่ย์1, 118ไอ",โฉมปี 2011-2019 (F20),EURO_CAR
36,BMW,บีเอ็มดับเบิลยู,"SERIES 1, 118i","ซีรี่ย์1, 118ไอ",โฉมปี 2011-2019 (F21),EURO_CAR
37,BMW,บีเอ็มดับเบิลยู,"SERIES 1, 120i","ซีรี่ย์1, 120ไอ",โฉมปี 2004-2007 (E87),EURO_CAR
38,BMW,บีเอ็มดับเบิลยู,"SERIES 1, 125i","ซีรี่ย์1, 125ไอ",โฉมปี 2011-2019 (F20),EURO_CAR
39,BMW,บีเอ็มดับเบิลยู,"SERIES 1, 125i","ซีรี่ย์1, 125ไอ",โฉมปี 2011-2019 (F21),EURO_CAR
40,BMW,บีเอ็มดับเบิลยู,SERIES 2,ซีรี่ย์2,โฉมปี 2014-2019 (F22),EURO_CAR
41,BMW,บีเอ็มดับเบิลยู,SERIES 3,ซีรี่ย์3,-,EURO_CAR
42,BMW,บีเอ็มดับเบิลยู,SERIES 3,ซีรี่ย์3,โฉมปี 1982-1994 (E30),EURO_CAR
43,BMW,บีเอ็มดับเบิลยู,SERIES 3,ซีรี่ย์3,โฉมปี 1995-1998 (E36),EURO_CAR
44,BMW,บีเอ็มดับเบิลยู,SERIES 3,ซีรี่ย์3,โฉมปี 1999-2006 (E46),EURO_CAR
45,BMW,บีเอ็มดับเบิลยู,SERIES 3,ซีรี่ย์3,โฉมปี 2007-2013 (E90),EURO_CAR
46,BMW,บีเอ็มดับเบิลยู,SERIES 3,ซีรี่ย์3,โฉมปี 2007-2013 (E92),EURO_CAR
47,BMW,บีเอ็มดับเบิลยู,SERIES 3,ซีรี่ย์3,โฉมปี 2011-2018 (F30),EURO_CAR
48,BMW,บีเอ็มดับเบิลยู,"SERIES 3, 316i","ซีรี่ย์3, 316ไอ",โฉมปี 1982-1994 (E30),EURO_CAR
49,BMW,บีเอ็มดับเบิลยู,"SERIES 3, 316i","ซีรี่ย์3, 316ไอ",โฉมปี 1990-2000 (E36),EURO_CAR
50,BMW,บีเอ็มดับเบิลยู,"SERIES 3, 316i","ซีรี่ย์3, 316ไอ",โฉมปี 2006-2011 (E90),EURO_CAR
51,BMW,บีเอ็มดับเบิลยู,"SERIES 3, 318d","ซีรี่ย์3, 318ดี",โฉมปี 2006-2011 (E90),EURO_CAR
52,BMW,บีเอ็มดับเบิลยู,"SERIES 3, 318d","ซีรี่ย์3, 318ดี",โฉมปี 2011-2019 (F30),EURO_CAR
53,BMW,บีเอ็มดับเบิลยู,"SERIES 3, 318i","ซีรี่ย์3, 318ไอ",โฉมปี 1982-1994 (E30),EURO_CAR
54,BMW,บีเอ็มดับเบิลยู,"SERIES 3, 318i","ซีรี่ย์3, 318ไอ",โฉมปี 1990-2000 (E36),EURO_CAR
55,BMW,บีเอ็มดับเบิลยู,"SERIES 3, 318i","ซีรี่ย์3, 318ไอ",โฉมปี 1997-2006 (E46),EURO_CAR
56,BMW,บีเอ็มดับเบิลยู,"SERIES 3, 318i","ซีรี่ย์3, 318ไอ",โฉมปี 2006-2011 (E90),EURO_CAR
57,BMW,บีเอ็มดับเบิลยู,"SERIES 3, 320","ซีรี่ย์3, 320",-,EURO_CAR
58,BMW,บีเอ็มดับเบิลยู,"SERIES 3, 320","ซีรี่ย์3, 320",โฉมปี 1975-1983 (E21),EURO_CAR
59,BMW,บีเอ็มดับเบิลยู,"SERIES 3, 320Li","ซีรี่ย์3, 320แอลไอ",โฉมปี 2011-2019 (F35),EURO_CAR
60,BMW,บีเอ็มดับเบิลยู,"SERIES 3, 320d","ซีรี่ย์3, 320ดี",โฉมปี 2006-2011 (E90),EURO_CAR
61,BMW,บีเอ็มดับเบิลยู,"SERIES 3, 320d","ซีรี่ย์3, 320ดี",โฉมปี 2007-2013 (E92),EURO_CAR
62,BMW,บีเอ็มดับเบิลยู,"SERIES 3, 320d","ซีรี่ย์3, 320ดี",โฉมปี 2011-2019 (F30),EURO_CAR
63,BMW,บีเอ็มดับเบิลยู,"SERIES 3, 320i","ซีรี่ย์3, 320ไอ",โฉมปี 1982-1994 (E30),EURO_CAR
64,BMW,บีเอ็มดับเบิลยู,"SERIES 3, 320i","ซีรี่ย์3, 320ไอ",โฉมปี 1990-2000 (E36),EURO_CAR
65,BMW,บีเอ็มดับเบิลยู,"SERIES 3, 320i","ซีรี่ย์3, 320ไอ",โฉมปี 1997-2006 (E46),EURO_CAR
66,BMW,บีเอ็มดับเบิลยู,"SERIES 3, 320i","ซีรี่ย์3, 320ไอ",โฉมปี 2006-2011 (E90),EURO_CAR
67,BMW,บีเอ็มดับเบิลยู,"SERIES 3, 320i","ซีรี่ย์3, 320ไอ",โฉมปี 2007-2013 (E92),EURO_CAR
68,BMW,บีเอ็มดับเบิลยู,"SERIES 3, 320i","ซีรี่ย์3, 320ไอ",โฉมปี 2007-2013 (E93),EURO_CAR
69,BMW,บีเอ็มดับเบิลยู,"SERIES 3, 320i","ซีรี่ย์3, 320ไอ",โฉมปี 2011-2019 (F30),EURO_CAR
70,BMW,บีเอ็มดับเบิลยู,"SERIES 3, 323i","ซีรี่ย์3, 323ไอ",โฉมปี 1990-2000 (E36),EURO_CAR
71,BMW,บีเอ็มดับเบิลยู,"SERIES 3, 323i","ซีรี่ย์3, 323ไอ",โฉมปี 1997-2006 (E46),EURO_CAR
72,BMW,บีเอ็มดับเบิลยู,"SERIES 3, 323i","ซีรี่ย์3, 323ไอ",โฉมปี 2007-2013 (E92),EURO_CAR
73,BMW,บีเอ็มดับเบิลยู,"SERIES 3, 325d","ซีรี่ย์3, 325ดี",โฉมปี 2006-2011 (E90),EURO_CAR
74,BMW,บีเอ็มดับเบิลยู,"SERIES 3, 325i","ซีรี่ย์3, 325ไอ",โฉมปี 1982-1994 (E30),EURO_CAR
75,BMW,บีเอ็มดับเบิลยู,"SERIES 3, 325i","ซีรี่ย์3, 325ไอ",โฉมปี 1990-2000 (E36),EURO_CAR
76,BMW,บีเอ็มดับเบิลยู,"SERIES 3, 325i","ซีรี่ย์3, 325ไอ",โฉมปี 1997-2006 (E46),EURO_CAR
77,BMW,บีเอ็มดับเบิลยู,"SERIES 3, 325i","ซีรี่ย์3, 325ไอ",โฉมปี 2006-2011 (E90),EURO_CAR
78,BMW,บีเอ็มดับเบิลยู,"SERIES 3, 328i","ซีรี่ย์3, 328ไอ",โฉมปี 1990-2000 (E36),EURO_CAR
79,BMW,บีเอ็มดับเบิลยู,"SERIES 3, 330d","ซีรี่ย์3, 330ดี",โฉมปี 2006-2011 (E90),EURO_CAR
80,BMW,บีเอ็มดับเบิลยู,"SERIES 3, 330i","ซีรี่ย์3, 330ไอ",โฉมปี 1997-2006 (E46),EURO_CAR
81,BMW,บีเอ็มดับเบิลยู,"SERIES 3, 330i","ซีรี่ย์3, 330ไอ",โฉมปี 2006-2011 (E90),EURO_CAR
82,BMW,บีเอ็มดับเบิลยู,"SERIES 3, ActiveHybrid 3","ซีรี่ย์3, แอคทีฟไฮบริด 3",โฉมปี 2011-2019 (F30),EURO_CAR
83,BMW,บีเอ็มดับเบิลยู,SERIES 4,ซีรี่ย์4,-,EURO_CAR
84,BMW,บีเอ็มดับเบิลยู,SERIES 4,ซีรี่ย์4,โฉมปี 2013-2020 (F32),EURO_CAR
85,BMW,บีเอ็มดับเบิลยู,SERIES 5,ซีรี่ย์5,-,EURO_CAR
86,BMW,บีเอ็มดับเบิลยู,SERIES 5,ซีรี่ย์5,โฉมปี 1995-2004 (E39),EURO_CAR
87,BMW,บีเอ็มดับเบิลยู,SERIES 5,ซีรี่ย์5,โฉมปี 2003-2010 (E60),EURO_CAR
88,BMW,บีเอ็มดับเบิลยู,SERIES 5,ซีรี่ย์5,โฉมปี 2010-2017 (F10),EURO_CAR
89,BMW,บีเอ็มดับเบิลยู,"SERIES 5, 520","ซีรี่ย์5, 520",-,EURO_CAR
90,BMW,บีเอ็มดับเบิลยู,"SERIES 5, 520d","ซีรี่ย์5, 520ดี",โฉมปี 2003-2010 (E60),EURO_CAR
91,BMW,บีเอ็มดับเบิลยู,"SERIES 5, 520d","ซีรี่ย์5, 520ดี",โฉมปี 2010-2017 (F10),EURO_CAR
92,BMW,บีเอ็มดับเบิลยู,"SERIES 5, 520i","ซีรี่ย์5, 520ไอ",โฉมปี 1981-1987 (E28),EURO_CAR
93,BMW,บีเอ็มดับเบิลยู,"SERIES 5, 520i","ซีรี่ย์5, 520ไอ",โฉมปี 1987-1996 (E34),EURO_CAR
94,BMW,บีเอ็มดับเบิลยู,"SERIES 5, 520i","ซีรี่ย์5, 520ไอ",โฉมปี 1995-2004 (E39),EURO_CAR
95,BMW,บีเอ็มดับเบิลยู,"SERIES 5, 520i","ซีรี่ย์5, 520ไอ",โฉมปี 2003-2010 (E60),EURO_CAR
96,BMW,บีเอ็มดับเบิลยู,"SERIES 5, 520i","ซีรี่ย์5, 520ไอ",โฉมปี 2010-2017 (F10),EURO_CAR
97,BMW,บีเอ็มดับเบิลยู,"SERIES 5, 523i","ซีรี่ย์5, 523ไอ",โฉมปี 1995-2004 (E39),EURO_CAR
98,BMW,บีเอ็มดับเบิลยู,"SERIES 5, 523i","ซีรี่ย์5, 523ไอ",โฉมปี 2003-2010 (E60),EURO_CAR
99,BMW,บีเอ็มดับเบิลยู,"SERIES 5, 523i","ซีรี่ย์5, 523ไอ",โฉมปี 2010-2017 (F10),EURO_CAR
100,BMW,บีเอ็มดับเบิลยู,"SERIES 5, 525d","ซีรี่ย์5, 525ดี",โฉมปี 2010-2017 (F10),EURO_CAR
101,BMW,บีเอ็มดับเบิลยู,"SERIES 5, 525i","ซีรี่ย์5, 525ไอ",โฉมปี 1987-1996 (E34),EURO_CAR
102,BMW,บีเอ็มดับเบิลยู,"SERIES 5, 525i","ซีรี่ย์5, 525ไอ",โฉมปี 2003-2010 (E60),EURO_CAR
103,BMW,บีเอ็มดับเบิลยู,"SERIES 5, 528i","ซีรี่ย์5, 528ไอ",โฉมปี 1995-2004 (E39),EURO_CAR
104,BMW,บีเอ็มดับเบิลยู,"SERIES 5, 528i","ซีรี่ย์5, 528ไอ",โฉมปี 2010-2017 (F10),EURO_CAR
105,BMW,บีเอ็มดับเบิลยู,"SERIES 5, 530d","ซีรี่ย์5, 530ดี",โฉมปี 2003-2010 (E60),EURO_CAR
106,BMW,บีเอ็มดับเบิลยู,"SERIES 5, 530i","ซีรี่ย์5, 530ไอ",โฉมปี 1987-1996 (E34),EURO_CAR
107,BMW,บีเอ็มดับเบิลยู,"SERIES 5, 530i","ซีรี่ย์5, 530ไอ",โฉมปี 1994-2001 (E38),EURO_CAR
108,BMW,บีเอ็มดับเบิลยู,"SERIES 5, 530i","ซีรี่ย์5, 530ไอ",โฉมปี 2003-2010 (E60),EURO_CAR
109,BMW,บีเอ็มดับเบิลยู,"SERIES 5, 535i","ซีรี่ย์5, 535ไอ",โฉมปี 2010-2017 (F10),EURO_CAR
110,BMW,บีเอ็มดับเบิลยู,"SERIES 5, 540i","ซีรี่ย์5, 540ไอ",โฉมปี 1995-2004 (E39),EURO_CAR
111,BMW,บีเอ็มดับเบิลยู,"SERIES 6, 633i","ซีรี่ย์6, 633ไอ",โฉมปี 1976-1989 (E24),EURO_CAR
112,BMW,บีเอ็มดับเบิลยู,"SERIES 6, 645Ci","ซีรี่ย์6, 645ซีไอ",โฉมปี 2003-2010 (E63),EURO_CAR
113,BMW,บีเอ็มดับเบิลยู,"SERIES 7, 728i","ซีรี่ย์7, 728ไอ",โฉมปี 1994-2001 (E38),EURO_CAR
114,BMW,บีเอ็มดับเบิลยู,"SERIES 7, 730Li","ซีรี่ย์7, 730แอลไอ",โฉมปี 2001-2008 (E65),EURO_CAR
115,BMW,บีเอ็มดับเบิลยู,"SERIES 7, 730d","ซีรี่ย์7, 730ดี","โฉมปี 2008-2015 (F01, F02)",EURO_CAR
116,BMW,บีเอ็มดับเบิลยู,"SERIES 7, 730i","ซีรี่ย์7, 730ไอ",โฉมปี 1986-1994 (E32),EURO_CAR
117,BMW,บีเอ็มดับเบิลยู,"SERIES 7, 730i","ซีรี่ย์7, 730ไอ",โฉมปี 1994-2001 (E38),EURO_CAR
118,BMW,บีเอ็มดับเบิลยู,"SERIES 7, 730i","ซีรี่ย์7, 730ไอ",โฉมปี 2001-2008 (E65),EURO_CAR
119,BMW,บีเอ็มดับเบิลยู,"SERIES 7, 730i","ซีรี่ย์7, 730ไอ","โฉมปี 2008-2015 (F01, F02)",EURO_CAR
120,BMW,บีเอ็มดับเบิลยู,"SERIES 7, 735i","ซีรี่ย์7, 735ไอ",โฉมปี 1994-2001 (E38),EURO_CAR
121,BMW,บีเอ็มดับเบิลยู,"SERIES 7, 735i","ซีรี่ย์7, 735ไอ",โฉมปี 2001-2008 (E65),EURO_CAR
122,BMW,บีเอ็มดับเบิลยู,"SERIES 7, 740Li","ซีรี่ย์7, 740แอลไอ",โฉมปี 2001-2008 (E65),EURO_CAR
123,BMW,บีเอ็มดับเบิลยู,"SERIES 7, 740i","ซีรี่ย์7, 740ไอ",โฉมปี 1994-2001 (E38),EURO_CAR
124,BMW,บีเอ็มดับเบิลยู,"SERIES 7, 740i","ซีรี่ย์7, 740ไอ","โฉมปี 2008-2015 (F01, F02)",EURO_CAR
125,BMW,บีเอ็มดับเบิลยู,"SERIES 7, 745i","ซีรี่ย์7, 745ไอ",โฉมปี 2001-2008 (E65),EURO_CAR
126,BMW,บีเอ็มดับเบิลยู,"SERIES 7, 745i","ซีรี่ย์7, 745ไอ",โฉมปี 2001-2008 (E66),EURO_CAR
127,BMW,บีเอ็มดับเบิลยู,"SERIES 7, 750Li","ซีรี่ย์7, 750แอลไอ",โฉมปี 2001-2008 (E65),EURO_CAR
128,BMW,บีเอ็มดับเบิลยู,"SERIES 7, 750i","ซีรี่ย์7, 750ไอ",โฉมปี 1994-2001 (E38),EURO_CAR
129,BMW,บีเอ็มดับเบิลยู,"SERIES 7, 750i","ซีรี่ย์7, 750ไอ",โฉมปี 2008-2015 (F03),EURO_CAR
130,BMW,บีเอ็มดับเบิลยู,"SERIES 7, 760Li","ซีรี่ย์7, 760แอลไอ",โฉมปี 2001-2008 (E65),EURO_CAR
131,BMW,บีเอ็มดับเบิลยู,"SERIES 7, 760i","ซีรี่ย์7, 760ไอ",โฉมปี 2001-2008 (E65),EURO_CAR
132,BMW,บีเอ็มดับเบิลยู,"SERIES 7, 760i","ซีรี่ย์7, 760ไอ",โฉมปี 2001-2008 (E66),EURO_CAR
133,BMW,บีเอ็มดับเบิลยู,"SERIES 7, ActiveHybrid 7","ซีรี่ย์7, แอคทีฟไฮบริด 7",โฉมปี 2010-2012 (F04),EURO_CAR
134,BMW,บีเอ็มดับเบิลยู,SERIES 8,ซีรี่ย์8,-,EURO_CAR
135,BMW,บีเอ็มดับเบิลยู,"SERIES 8, 830i","ซีรี่ย์8, 830ไอ",โฉมปี 1990-1999 (E38),EURO_CAR
136,BMW,บีเอ็มดับเบิลยู,"SERIES 8, 840i","ซีรี่ย์8, 840ไอ",โฉมปี 1990-1999 (E38),EURO_CAR
137,BMW,บีเอ็มดับเบิลยู,"SERIES 8, 850i","ซีรี่ย์8, 850ไอ",โฉมปี 1990-1999 (E38),EURO_CAR
138,BMW,บีเอ็มดับเบิลยู,X1,เอ็กซ์1,โฉมปี 2009-2015 (E84),EURO_CAR
139,BMW,บีเอ็มดับเบิลยู,X1,เอ๊กซ์1,โฉมปี 2015-2020 (F48),EURO_CAR
140,BMW,บีเอ็มดับเบิลยู,X3,เอ๊กซ์3,โฉมปี 2003-2010 (E83),EURO_CAR
141,BMW,บีเอ็มดับเบิลยู,X3,เอ๊กซ์3,โฉมปี 2011-2017 (F25),EURO_CAR
142,BMW,บีเอ็มดับเบิลยู,X4,เอ๊กซ์4,โฉมปี 2014-2018 (F26),EURO_CAR
143,BMW,บีเอ็มดับเบิลยู,X5,เอ๊กซ์5,โฉมปี 1999-2006 (E53),EURO_CAR
144,BMW,บีเอ็มดับเบิลยู,X5,เอ๊กซ์5,โฉมปี 2006-2013 (E70),EURO_CAR
145,BMW,บีเอ็มดับเบิลยู,X6,เอ๊กซ์6,โฉมปี 2008-2004 (E71),EURO_CAR
146,BMW,บีเอ็มดับเบิลยู,X6,เอ๊กซ์6,โฉมปี 2008-2014 (E71),EURO_CAR
147,BMW,บีเอ็มดับเบิลยู,X6,เอ๊กซ์6,โฉมปี 2009-2010 (E72),EURO_CAR
148,BMW,บีเอ็มดับเบิลยู,X6,เอ๊กซ์6,โฉมปี 2009-2014 (E72),EURO_CAR
149,BMW,บีเอ็มดับเบิลยู,Z3,ซี3,โฉมปี 1995-2002 (E36),EURO_CAR
150,BMW,บีเอ็มดับเบิลยู,Z4,ซี4,โฉมปี 2009-2016 (E89),EURO_CAR
151,CHEVROLET,เชฟโรเลต,ALLROADER,ออลโรดเดอร์,โฉมปี 2007-2012,PPV
152,CHEVROLET,เชฟโรเลต,AVEO,อาวีโอ้,-,B-SEGMENT (CITY CAR)
153,CHEVROLET,เชฟโรเลต,AVEO,อาวีโอ้,โฉมปี 2006-2014,B-SEGMENT (CITY CAR)
154,CHEVROLET,เชฟโรเลต,CAPTIVA,แคปติว่า,-,SUV C-SEGMENT
155,CHEVROLET,เชฟโรเลต,CAPTIVA,แคปติว่า,โฉมปี 2006-2011,SUV C-SEGMENT
156,CHEVROLET,เชฟโรเลต,CAPTIVA,แคปติว่า,โฉมปี 2011-2016,SUV C-SEGMENT
157,CHEVROLET,เชฟโรเลต,COLORADO,โคโลราโด้,-,PICK UP
158,CHEVROLET,เชฟโรเลต,COLORADO,โคโลราโด้,"โฉมปี 2004-2011 (2WD, 4WD)",PICK UP
159,CHEVROLET,เชฟโรเลต,COLORADO,โคโลราโด้,"โฉมปี 2012-2017 (2WD, 4WD)",PICK UP
160,CHEVROLET,เชฟโรเลต,CRUZE,ครูซ,-,(SEDAN) C-SEGMENT
161,CHEVROLET,เชฟโรเลต,CRUZE,ครูซ,โฉมปี 2008-2016 (J300),(SEDAN) C-SEGMENT
162,CHEVROLET,เชฟโรเลต,LUMINA,ลูมิน่า,-,D-SEGMENT
163,CHEVROLET,เชฟโรเลต,OPTRA,อ๊อปตร้า,-,(SEDAN) C-SEGMENT
164,CHEVROLET,เชฟโรเลต,OPTRA,อ๊อปตร้า,โฉมปี 2003-2013,(SEDAN) C-SEGMENT
165,CHEVROLET,เชฟโรเลต,PRIZM,พริซึ่ม,-,(SEDAN) C-SEGMENT
166,CHEVROLET,เชฟโรเลต,SONIC,โซนิค,-,B-SEGMENT (CITY CAR)
167,CHEVROLET,เชฟโรเลต,SONIC,โซนิค,โฉมปี 2012-2015,B-SEGMENT (CITY CAR)
168,CHEVROLET,เชฟโรเลต,SPIN,สปิน,-,MINI MPV
169,CHEVROLET,เชฟโรเลต,SPIN,สปิน,โฉมปี 2013-2015,MINI MPV
170,CHEVROLET,เชฟโรเลต,TRAILBLAZER,เทรลเบล์เซอร์,-,PPV
171,CHEVROLET,เชฟโรเลต,TRAILBLAZER,เทรลเบล์เซอร์,โฉมปี 2012-2016,PPV
172,CHEVROLET,เชฟโรเลต,ZAFIRA,ซาฟิร่า,-,MPV C-SEGMENT
173,CHEVROLET,เชฟโรเลต,ZAFIRA,ซาฟิร่า,โฉมปี 2000-2006,MPV C-SEGMENT
174,CHRYSLER,ไครสเลอร์,CARAVAN,คาราวาน,-,EURO_CAR
175,CHRYSLER,ไครสเลอร์,DAYTONA,เดย์โทน่า,-,EURO_CAR
176,CHRYSLER,ไครสเลอร์,NEON,นีออน,-,EURO_CAR
177,CHRYSLER,ไครสเลอร์,VOYAGER,โวยาเกอร์,-,EURO_CAR
178,CITROEN,ซีตรอง,AX,เอเอ๊กซ์,-,EURO_CAR
179,CITROEN,ซีตรอง,BERLINGO,เบอร์ลิงโก้,-,EURO_CAR
180,CITROEN,ซีตรอง,BX,บีเอ๊กซ์,-,EURO_CAR
181,CITROEN,ซีตรอง,C3,ซี3,-,EURO_CAR
182,CITROEN,ซีตรอง,C4,ซี4,-,EURO_CAR
183,CITROEN,ซีตรอง,C5,ซี5,-,EURO_CAR
184,CITROEN,ซีตรอง,C8,ซี8,-,EURO_CAR
185,CITROEN,ซีตรอง,CX,ซีเอ๊กซ์,-,EURO_CAR
186,CITROEN,ซีตรอง,DS3,ดีเอส3,-,EURO_CAR
187,CITROEN,ซีตรอง,EVASION,อีเวชั่น,-,EURO_CAR
188,CITROEN,ซีตรอง,XANTIA,ซานเทีย,-,EURO_CAR
189,CITROEN,ซีตรอง,XM,เอ๊กซ์เอ็ม,-,EURO_CAR
190,CITROEN,ซีตรอง,ZX,ซีเอ๊กซ์,-,EURO_CAR
191,DAEWOO,แดวู,APPLAUSE,แอพพลอส,-,(SEDAN) C-SEGMENT
192,DAEWOO,แดวู,CIELO,ซีอโล,-,(SEDAN) C-SEGMENT
193,DAEWOO,แดวู,CIELO,ซีอโล,โฉมปี 1994-1997,
194,DAEWOO,แดวู,ESPERO,เอสเบอโร,โฉมปี 1990-1997,(SEDAN) C-SEGMENT
195,DAEWOO,แดวู,FANTASY,แฟนตาซี,-,(SEDAN) C-SEGMENT
196,DAEWOO,แดวู,KADETT,แคดเดท,-,(SEDAN) C-SEGMENT
197,DAEWOO,แดวู,LANOS,ลาโนส,-,(SEDAN) C-SEGMENT
198,DAEWOO,แดวู,NEXIA,เน๊กซ์เซีย,-,(SEDAN) C-SEGMENT
199,DAEWOO,แดวู,NEXIA,เน๊กซ์เซีย,โฉมปี 1994-1997,
200,DAIHATSU,ไดฮัทสุ,3SZ,3เอสซี,-,
201,DAIHATSU,ไดฮัทสุ,APPLAUSE,แอพพอช,-,(SEDAN) C-SEGMENT
202,DAIHATSU,ไดฮัทสุ,APPLAUSE,แอพพอช,โฉมปี 1994-1996,(SEDAN) C-SEGMENT
203,DAIHATSU,ไดฮัทสุ,CHARADE,ชาเลต,-,B-SEGMENT (CITY CAR)
204,DAIHATSU,ไดฮัทสุ,CHARADE,ชาเลต,โฉมปี 1987-1994,B-SEGMENT (CITY CAR)
205,DAIHATSU,ไดฮัทสุ,DELTA,เดลต้า,-,TRUCK
206,DAIHATSU,ไดฮัทสุ,EF,อีเอฟ,-,TRUCK
207,DAIHATSU,ไดฮัทสุ,GRAN MAX,แกรนแม๊กซ์,-,MINI MPV
208,DAIHATSU,ไดฮัทสุ,HC,เฮชซี,-,
209,DAIHATSU,ไดฮัทสุ,HIJET,ไฮเจ็ท,-,
210,DAIHATSU,ไดฮัทสุ,HIJET S85,ไฮเจ็ท เอส85,-,
211,DAIHATSU,ไดฮัทสุ,K3,เค3,-,
212,DAIHATSU,ไดฮัทสุ,MIRA,มีร่า,-,
213,DAIHATSU,ไดฮัทสุ,MIRA,มีร่า,โฉมปี 1985-1990 (L70),
214,DAIHATSU,ไดฮัทสุ,MIRA,มีร่า,โฉมปี 1990-1994,
215,DAIHATSU,ไดฮัทสุ,MIRA,มีร่า,โฉมปี 1992-1998,
216,DAIHATSU,ไดฮัทสุ,MIRA II,มีร่า 2,-,
217,DAIHATSU,ไดฮัทสุ,MOVE,มูฟ,-,MINI MPV
218,DAIHATSU,ไดฮัทสุ,XENIA,ซีเนียร์,-,MINI MPV
219,DATSUN,ดัทสัน,510,510,-,
220,DATSUN,ดัทสัน,520,520,-,
221,DATSUN,ดัทสัน,520,520,โฉมปี 1965-1977,
222,DATSUN,ดัทสัน,521,521,-,
223,DATSUN,ดัทสัน,620,620,โฉมปี 1977-1985 (620 ช้างเหยียบ),
224,DATSUN,ดัทสัน,720,720,-,
225,DATSUN,ดัทสัน,720,720,โฉมปี 1979-1985,
226,DATSUN,ดัทสัน,720,720,โฉมปี 1985-1986,
227,DATSUN,ดัทสัน,810,810,-,
228,DATSUN,ดัทสัน,120Y,120วาย,โฉมปี 1974-1977 (B210),
229,DATSUN,ดัทสัน,160J,160เจ,-,
230,DATSUN,ดัทสัน,720B,720บี,-,
231,DATSUN,ดัทสัน,B110,B110,-,
232,DATSUN,ดัทสัน,B210,บี210,-,
233,DATSUN,ดัทสัน,DATSUN SUNNY,ดัทสัน ซันนี่,(B310),
234,DATSUN,ดัทสัน,J13,เจ13,-,
235,DATSUN,ดัทสัน,STANZA,สแตนซ่า,-,
236,DONGFENG,ตงฟง,SOKON V22,โซคอน วี22,โฉมปี 2014-2019,
237,FIAT,เฟียต,124,124,-,EURO_CAR
238,FIAT,เฟียต,125,125,-,EURO_CAR
239,FIAT,เฟียต,130,130,-,EURO_CAR
240,FIAT,เฟียต,131,131,-,EURO_CAR
241,FIAT,เฟียต,132,132,-,EURO_CAR
242,FIAT,เฟียต,500,500,-,EURO_CAR
243,FIAT,เฟียต,1100,1100,-,EURO_CAR
244,FIAT,เฟียต,ARGENTA,อาร์เจนต้า,-,EURO_CAR
245,FIAT,เฟียต,BERLINA,เบอร์ลีนา,-,EURO_CAR
246,FIAT,เฟียต,F1100,เอฟ1100,-,EURO_CAR
247,FIAT,เฟียต,F125,เอฟ125,-,EURO_CAR
248,FIAT,เฟียต,F128,เอฟ128,-,EURO_CAR
249,FIAT,เฟียต,F131,เอฟ131,-,EURO_CAR
250,FIAT,เฟียต,F132,เอฟ132,-,EURO_CAR
251,FIAT,เฟียต,F1500,เอฟ1500,-,EURO_CAR
252,FIAT,เฟียต,PUNTO,พุนโต,-,EURO_CAR
253,FIAT,เฟียต,TEMPRA,เทมพร้า,-,EURO_CAR
254,FORD,ฟอร์ด,5000,5000,-,
255,FORD,ฟอร์ด,6640,6640,-,
256,FORD,ฟอร์ด,ASPIRE,แอสปาย,-,
257,FORD,ฟอร์ด,ASPIRE,แอสปาย,โฉมปี 1994-1997,
258,FORD,ฟอร์ด,CORTINA,คอร์ทีน่า,โฉมปี 1978-1982,
259,FORD,ฟอร์ด,ECO SPORT,อีโค่ สปอร์ต,-,
260,FORD,ฟอร์ด,ECO SPORT,อีโค่ สปอร์ต,โฉมปี 2013-2018,
261,FORD,ฟอร์ด,ESCAPE,เอสเคป,-,
262,FORD,ฟอร์ด,ESCAPE,เอสเคป,โฉมปี 2003-2012,SUV C-SEGMENT
263,FORD,ฟอร์ด,ESCORT,เอสคอร์ท,-,
264,FORD,ฟอร์ด,ESCORT,เอสคอร์ท,โฉมปี 1991-1996,
265,FORD,ฟอร์ด,EVEREST,เอเวอร์เรส,-,
266,FORD,ฟอร์ด,EVEREST,เอเวอร์เรส,โฉมปี 2003-2006,PPV
267,FORD,ฟอร์ด,EVEREST,เอเวอร์เรส,โฉมปี 2007-2014,PICK UP
268,FORD,ฟอร์ด,EVEREST,เอเวอร์เรส,โฉมปี 2015-2018,PPV
269,FORD,ฟอร์ด,EXPLORER,เอ็กซ์พลอเรอร์,-,
270,FORD,ฟอร์ด,FESTIVA,เฟสติว่า,-,
271,FORD,ฟอร์ด,FESTIVA,เฟสติว่า,โฉมปี 1992-1996,
272,FORD,ฟอร์ด,FIESTA,เฟียสต้า,-,
273,FORD,ฟอร์ด,FIESTA,เฟียสต้า,โฉมปี 2010-2016,B-SEGMENT (CITY CAR)
274,FORD,ฟอร์ด,FOCUS,โฟกัส,-,
275,FORD,ฟอร์ด,FOCUS,โฟกัส,โฉมปี 2004-2012,(SEDAN) C-SEGMENT
276,FORD,ฟอร์ด,FOCUS,โฟกัส,โฉมปี 2012-2016,(SEDAN) C-SEGMENT
277,FORD,ฟอร์ด,LASER,เลเซอร์,-,
278,FORD,ฟอร์ด,LASER,เลเซอร์,โฉมปี 1980-1985,
279,FORD,ฟอร์ด,LASER,เลเซอร์,โฉมปี 1994-1998,
280,FORD,ฟอร์ด,LASER,เลเซอร์,โฉมปี 2000-2005,
281,FORD,ฟอร์ด,LASER TIERRA,เลเซอร์ เทียร์ร่า,-,
282,FORD,ฟอร์ด,LASER TIERRA,เลเซอร์ เทียร์ร่า,โฉมปี 2000-2005,
283,FORD,ฟอร์ด,MARATHON,มาราธอน,-,
284,FORD,ฟอร์ด,MONDEO,มอนดีโอ,-,
285,FORD,ฟอร์ด,MONDEO,มอนดีโอ,โฉมปี 1993-1998,
286,FORD,ฟอร์ด,RANGER,แรนเจอร์,-,
287,FORD,ฟอร์ด,RANGER,แรนเจอร์,"โฉมปี 1998-2006 (2WD, ยกสูง, 4WD)",PICK UP
288,FORD,ฟอร์ด,RANGER,แรนเจอร์,"โฉมปี 2006-2011 (2WD, ยกสูง, 4WD)",PICK UP
289,FORD,ฟอร์ด,RANGER,แรนเจอร์,"โฉมปี 2012-2018 (2WD, ยกสูง, 4WD)",PICK UP
290,FORD,ฟอร์ด,RS2000,อาร์เอส2000,-,
291,FORD,ฟอร์ด,SIERRA,เซียร์ร่า,-,
292,FORD,ฟอร์ด,TELSTAR,เทลสตาร์,-,
293,FORD,ฟอร์ด,TERRITORY,,โฉมปี 2012-2016,
294,FORD,ฟอร์ด,TIERRA,เทียร์ร่า,-,
295,GM,จีเอ็ม,,,-,EURO_CAR
296,HINO,ฮีโน่,,,-,
297,HOLDEN,โฮลเด้น,CALIBRA,คาลิบร้า,-,EURO_CAR
298,HOLDEN,โฮลเด้น,COMMODORE,คอมมอดอร์,-,EURO_CAR
299,HONDA,ฮอนด้า,ACCORD,แอ๊คคอร์ด,-,
300,HONDA,ฮอนด้า,ACCORD,แอ๊คคอร์ด,โฉมปี 1976-1980 (G1),
301,HONDA,ฮอนด้า,ACCORD,แอ๊คคอร์ด,โฉมปี 1981-1984 (G2),
302,HONDA,ฮอนด้า,ACCORD,แอ๊คคอร์ด,โฉมปี 1985-1989 (G3),
303,HONDA,ฮอนด้า,ACCORD,แอ๊คคอร์ด,โฉมปี 1990-1993 (G4),
304,HONDA,ฮอนด้า,ACCORD,แอ๊คคอร์ด,โฉมปี 1994-1997 (G5),
305,HONDA,ฮอนด้า,ACCORD,แอ๊คคอร์ด,โฉมปี 1998-2002 (G6 งูเห่า),
306,HONDA,ฮอนด้า,ACCORD,แอ๊คคอร์ด,โฉมปี 2003-2007 (G7 ปลาวาฬ),D-SEGMENT
307,HONDA,ฮอนด้า,ACCORD,แอ๊คคอร์ด,โฉมปี 2008-2012 (G8),D-SEGMENT
308,HONDA,ฮอนด้า,ACCORD,แอ๊คคอร์ด,โฉมปี 2013-2017 (G9),D-SEGMENT
309,HONDA,ฮอนด้า,ACCORD,แอ๊คคอร์ด,โฉมปี 2017-2023 (G10),D-SEGMENT
310,HONDA,ฮอนด้า,ACURA,แอคิวรา,-,
311,HONDA,ฮอนด้า,BR-V,บีอาร์-วี,-,
312,HONDA,ฮอนด้า,BR-V,บีอาร์-วี,โฉมปี 2015-2018,SUV B-SEGMENT
313,HONDA,ฮอนด้า,BRIO,บริโอ้,-,
314,HONDA,ฮอนด้า,BRIO,บริโอ้,โฉมปี 2011-2018,ECO_CAR
315,HONDA,ฮอนด้า,BRIO AMAZE,บริโอ้ อเมซ,-,
316,HONDA,ฮอนด้า,BRIO AMAZE,บริโอ้ อเมซ,โฉมปี 2011-2018,ECO_CAR
317,HONDA,ฮอนด้า,CITY,ซิตี้,-,
318,HONDA,ฮอนด้า,CITY,ซิตี้,โฉมปี 1981-1986,
319,HONDA,ฮอนด้า,CITY,ซิตี้,โฉมปี 1995-2002,B-SEGMENT (CITY CAR)
320,HONDA,ฮอนด้า,CITY,ซิตี้,โฉมปี 2003-2007 (ZX),B-SEGMENT (CITY CAR)
321,HONDA,ฮอนด้า,CITY,ซิตี้,โฉมปี 2008-2013 (GM2),B-SEGMENT (CITY CAR)
322,HONDA,ฮอนด้า,CITY,ซิตี้,โฉมปี 2014-2018 (GM6),B-SEGMENT (CITY CAR)
323,HONDA,ฮอนด้า,CITY,ซิตี้,โฉมปี 2019-2024 (GN2),
324,HONDA,ฮอนด้า,CIVIC,ซีวิค,-,
325,HONDA,ฮอนด้า,CIVIC,ซีวิค,โฉมปี 1978-1983,
326,HONDA,ฮอนด้า,CIVIC,ซิวิค,โฉมปี 1983-1986,
327,HONDA,ฮอนด้า,CIVIC,ซีวิค,โฉมปี 1988-1992 (EF),
328,HONDA,ฮอนด้า,CIVIC,ซีวิค,โฉมปี 1992-1995 (EG),(SEDAN) C-SEGMENT
329,HONDA,ฮอนด้า,CIVIC,ซีวิค,โฉมปี 1996-2000 (EK),(SEDAN) C-SEGMENT
330,HONDA,ฮอนด้า,CIVIC,ซีวิค,โฉมปี 1998-2000 (CVC Coupe),
331,HONDA,ฮอนด้า,CIVIC,ซีวิค,โฉมปี 2001-2005 (Dimension),(SEDAN) C-SEGMENT
332,HONDA,ฮอนด้า,CIVIC,ซีวิค,โฉมปี 2006-2012 (FD),(SEDAN) C-SEGMENT
333,HONDA,ฮอนด้า,CIVIC,ซีวิค,โฉมปี 2012-2016 (FB),(SEDAN) C-SEGMENT
334,HONDA,ฮอนด้า,CIVIC,ซีวิค,โฉมปี 2015-2019 (FC),(SEDAN) C-SEGMENT
335,HONDA,ฮอนด้า,CR-V,ซีอาร์-วี,-,
336,HONDA,ฮอนด้า,CR-V,ซีอาร์-วี,โฉมปี 1995-2001 (RD1),SUV C-SEGMENT
337,HONDA,ฮอนด้า,CR-V,ซีอาร์-วี,โฉมปี 2002-2006 (RD4),SUV C-SEGMENT
338,HONDA,ฮอนด้า,CR-V,ซีอาร์-วี,โฉมปี 2006-2012 (RE1),SUV C-SEGMENT
339,HONDA,ฮอนด้า,CR-V,ซีอาร์-วี,โฉมปี 2012-2016 (RM1),SUV C-SEGMENT
340,HONDA,ฮอนด้า,CR-V,ซีอาร์-วี,โฉมปี 2017-2021 (RW1),SUV C-SEGMENT
341,HONDA,ฮอนด้า,CR-X,ซีอาร์-เอ๊กซ์,โฉมปี 1983-1991,
342,HONDA,ฮอนด้า,CR-Z,ซีอาร์-ซี,-,
343,HONDA,ฮอนด้า,FREED,ฟรีด,-,
344,HONDA,ฮอนด้า,FREED,ฟรีด,โฉมปี 2008-2016,MINI MPV
345,HONDA,ฮอนด้า,HR-V,เอชอาร์-วี,-,
346,HONDA,ฮอนด้า,HR-V,เอชอาร์-วี,โฉมปี 1998-2006 (GH1),
347,HONDA,ฮอนด้า,HR-V,เอชอาร์-วี,โฉมปี 2016-2021,SUV B-SEGMENT
348,HONDA,ฮอนด้า,INTEGRA,อินเทกร้า,-,
349,HONDA,ฮอนด้า,INTEGRA,อินเทกร้า,โฉมปี 1993-2001 (DC2),
350,HONDA,ฮอนด้า,INTEGRA,อินเทกร้า,โฉมปี 2001-2006 (DC5),
351,HONDA,ฮอนด้า,JAZZ,แจ๊ส,-,
352,HONDA,ฮอนด้า,JAZZ,แจ๊ส,โฉมปี 2003-2007 (GD1),B-SEGMENT (CITY CAR)
353,HONDA,ฮอนด้า,JAZZ,แจ๊ส,โฉมปี 2009-2014 (GE6),B-SEGMENT (CITY CAR)
354,HONDA,ฮอนด้า,JAZZ,แจ๊ส,"โฉมปี 2012-2014 (GP1, HYBRID)",
355,HONDA,ฮอนด้า,JAZZ,แจ๊ส,โฉมปี 2014-2018 (GK),B-SEGMENT (CITY CAR)
356,HONDA,ฮอนด้า,LEGEND,เลเจนด์,-,
357,HONDA,ฮอนด้า,LEGEND,เลเจนด์,โฉมปี 1985-1990,
358,HONDA,ฮอนด้า,LEGEND,เลเจนด์,โฉมปี 1990-1995,
359,HONDA,ฮอนด้า,LEGEND,เลเจนด์,โฉมปี 1995-2004,
360,HONDA,ฮอนด้า,LEGEND,เลเจนด์,โฉมปี 2004-2012,
361,HONDA,ฮอนด้า,MOBILIO,โมบิลิโอ,-,
362,HONDA,ฮอนด้า,MOBILIO,โมบิลิโอ,โฉมปี 2014 - ปัจจุบัน (DD4),MINI MPV
363,HONDA,ฮอนด้า,ODYSSEY,โอดิสซีย์,-,
364,HONDA,ฮอนด้า,ODYSSEY,โอดิสซีย์,โฉมปี 1994-1999 (RA5),
365,HONDA,ฮอนด้า,ODYSSEY,โอดิสซีย์,โฉมปี 1999-2003 (RA6),
366,HONDA,ฮอนด้า,ODYSSEY,โอดิสซีย์,โฉมปี 2003-2008 (RB1),
367,HONDA,ฮอนด้า,ODYSSEY,โอดิสซีย์,โฉมปี 2008-2013 (RB3),
368,HONDA,ฮอนด้า,ODYSSEY,โอดิสซีย์,โฉมปี 2013-2022 (RC1),
369,HONDA,ฮอนด้า,PRELUDE,พรีลูด,-,
370,HONDA,ฮอนด้า,PRELUDE,พรีลูด,โฉมปี 1978-1982 (SN),
371,HONDA,ฮอนด้า,PRELUDE,พรีลูด,โฉมปี 1982-1987 (BA),
372,HONDA,ฮอนด้า,PRELUDE,พรีลูด,โฉมปี 1987-1991 (BA4),
373,HONDA,ฮอนด้า,PRELUDE,พรีลูด,โฉมปี 1991-1996,
374,HONDA,ฮอนด้า,PRELUDE,พรีลูด,โฉมปี 1997-2001,
375,HONDA,ฮอนด้า,S2000,เอส2000,-,
376,HONDA,ฮอนด้า,S2000,เอส2000,โฉมปี 1999-2009,
377,HONDA,ฮอนด้า,STEPWAGN SPADA,สเตปแวกอน สปาด้า,-,
378,HONDA,ฮอนด้า,STEPWAGN SPADA,สเตปแวกอน สปาด้า,โฉมปี 2009-2016,MPV C-SEGMENT
379,HONDA,ฮอนด้า,STEPWAGON ,สเตปแวกอน,โฉมปี 2006-2009,MPV C-SEGMENT
380,HONDA,ฮอนด้า,STREAM,สตรีม,-,
381,HONDA,ฮอนด้า,STREAM,สตรีม,โฉมปี 2000-2006,MPV C-SEGMENT
382,HUMMER,ฮัมเมอร์,H1,เฮช1,-,EURO_CAR
383,HYUNDAI,ฮุนได,ACCENT,แอคเซนต์,-,
384,HYUNDAI,ฮุนได,ACCENT,แอคเซนต์,โฉมปี 1994-1999,
385,HYUNDAI,ฮุนได,ACCENT,แอคเซนต์,โฉมปี 1999-2005,
386,HYUNDAI,ฮุนได,ACCENT,แอคเซนต์,โฉมปี 2005-2010,
387,HYUNDAI,ฮุนได,ACCENT,แอคเซนต์,โฉมปี 2011-2018,
388,HYUNDAI,ฮุนได,AZERA,อะเซรา,-,
389,HYUNDAI,ฮุนได,COUPE,คูเป้,-,
390,HYUNDAI,ฮุนได,ELANTRA,เอลันตร้า,-,
391,HYUNDAI,ฮุนได,ELANTRA,เอลันตร้า,โฉมปี 1992-1998,
392,HYUNDAI,ฮุนได,ELANTRA,เอลันตร้า,โฉมปี 2000-2006,
393,HYUNDAI,ฮุนได,ELANTRA,เอลันตร้า,โฉมปี 2006-2010,
394,HYUNDAI,ฮุนได,EQUUS,อีคุส,-,
395,HYUNDAI,ฮุนได,EXCEL,เอ็กเซล,-,
396,HYUNDAI,ฮุนได,EXCEL,เอ็กเซล,โฉมปี 1994-2000,
397,HYUNDAI,ฮุนได,GRAND STAREX,แกรนด์สตาร์เร็กซ์,-,
398,HYUNDAI,ฮุนได,GRAND STAREX,แกรนด์สตาร์เร็กซ์,โฉมปี 2010-2017,
399,HYUNDAI,ฮุนได,GRANDEUR,แกรนด์เดอร์,-,
400,HYUNDAI,ฮุนได,H-1,เอช-วัน,-,
401,HYUNDAI,ฮุนได,H-1,เอช-วัน,โฉมปี 2008-2016 (TQ),VAN
402,HYUNDAI,ฮุนได,H100,เอช-100,-,
403,HYUNDAI,ฮุนได,MATRIX,แมททริกซ์,-,
404,HYUNDAI,ฮุนได,PORTER,พอร์เตอร์,-,
405,HYUNDAI,ฮุนได,SANTA FE,ซานตาเฟ้,-,
406,HYUNDAI,ฮุนได,SANTA FE,ซานตาเฟ้,โฉมปี 2005-2012 (CM),
407,HYUNDAI,ฮุนได,SCOUPE,สคูป,โฉมปี 1992-1996,
408,HYUNDAI,ฮุนได,SOLARIS,โซแลร์ริส,-,
409,HYUNDAI,ฮุนได,SONATA,โซนาต้า,-,
410,HYUNDAI,ฮุนได,SONATA,โซนาต้า,โฉมปี 1988-1993,
411,HYUNDAI,ฮุนได,SONATA,โซนาต้า,โฉมปี 1991-1996,
412,HYUNDAI,ฮุนได,SONATA,โซนาต้า,โฉมปี 2005-2010,
413,HYUNDAI,ฮุนได,SONATA,โซนาต้า,โฉมปี 2011-2015,
414,HYUNDAI,ฮุนได,STAREX,สตาร์เร็กซ์,-,
415,HYUNDAI,ฮุนได,TIBURON,ทิบูรอน,-,
416,HYUNDAI,ฮุนได,TIBURON,ทิบูรอน,โฉมปี 2001-2008 (GK),
417,HYUNDAI,ฮุนได,TRAJET,ทราเจ็ท,-,
418,HYUNDAI,ฮุนได,TUCSON,ทูซอน,-,
419,HYUNDAI,ฮุนได,TUCSON,ทูซอน,โฉมปี 2010-2016,
420,HYUNDAI,ฮุนได,VELOSTER,เวลอสเตอร์,โฉมปี 2013-2016,
421,ISUZU,อีซูซุ,250,250,-,
422,ISUZU,อีซูซุ,117 COUPE,117 คูเป้,-,
423,ISUZU,อีซูซุ,ADVENTURE THAIRUNG,แอดเวนเจอร์ ไทยรุ่ง,-,
424,ISUZU,อีซูซุ,ADVENTURE THAIRUNG,แอดเวนเจอร์ ไทยรุ่ง,โฉมปี 1993-1997,
425,ISUZU,อีซูซุ,ALL-NEW D-MAX,ออล-นิว ดี-แม็กซ์,-,PICK UP
426,ISUZU,อีซูซุ,ALL-NEW D-MAX,ออล-นิว ดี-แม็กซ์,"โฉมปี 2012-2017 (2WD, ยกสูง, 4WD)",PICK UP
427,ISUZU,อีซูซุ,ASKA,แอสก้า,-,
428,ISUZU,อีซูซุ,BU,บียู,-,
429,ISUZU,อีซูซุ,BUDDY,บัดดี้,-,
430,ISUZU,อีซูซุ,BUDDY,บัดดี้,โฉมปี 1981-1989,
431,ISUZU,อีซูซุ,BUDDY,บัดดี้,โฉมปี 1990-1995,
432,ISUZU,อีซูซุ,BUS,บัส,-,
433,ISUZU,อีซูซุ,CAMEO,คามีโอ,โฉมปี 1991-1997,
434,ISUZU,อีซูซุ,CXZ,ซีเอ็กซ์ซี,-,
435,ISUZU,อีซูซุ,D-MAX,ดี-แม็กซ์,-,PICK UP
436,ISUZU,อีซูซุ,D-MAX,ดี-แม็กซ์,"โฉมปี 2002-2011 (2WD, ยกสูง, 4WD)",PICK UP
437,ISUZU,อีซูซุ,D-MAX,ดี-แม็กซ์,"โฉมปี 2019-2024 (2WD, ยกสูง, 4WD)",PICK UP
438,ISUZU,อีซูซุ,D-MAX BLUE POWER,ดี-แม็กซ์ บลู พาวเวอร์,โฉมปี 2016-2019,PICK UP
439,ISUZU,อีซูซุ,D500,ดี500,-,
440,ISUZU,อีซูซุ,DECA,เดก้า,-,
441,ISUZU,อีซูซุ,ELF,เอลฟ์,-,
442,ISUZU,อีซูซุ,ELF,เอลฟ์,โฉมปี 1961-1984,
443,ISUZU,อีซูซุ,ELF,เอลฟ์,โฉมปี 1984-1992,
444,ISUZU,อีซูซุ,ELF,เอลฟ์,โฉมปี 1993-1998,
445,ISUZU,อีซูซุ,ELF,เอลฟ์,โฉมปี 1999-2003,
446,ISUZU,อีซูซุ,ELF NLR LITE,เอลฟ์ เอ็นแอลอาร์ ไลท์,โฉมปี 2010-2019,
447,ISUZU,อีซูซุ,ELF NLR130,เอลฟ์ เอ็นแอลอาร์130,โฉมปี 2010-2019,
448,ISUZU,อีซูซุ,EXZ,อีเอ๊กซ์ซี,-,
449,ISUZU,อีซูซุ,FASTER,ฟาสเตอร์,โฉมปี 1972-1980,
450,ISUZU,อีซูซุ,FASTER / RODEO,ฟาสเตอร์ / โรดิโอ,-,
451,ISUZU,อีซูซุ,FASTER / RODEO,ฟาสเตอร์ / โรดิโอ,โฉมปี 1972-1980,PICK UP
452,ISUZU,อีซูซุ,FORWARD,ฟอร์เวิร์ด,-,
453,ISUZU,อีซูซุ,FORWARD,ฟอร์เวิร์ด,โฉมปี 1970-1984,
454,ISUZU,อีซูซุ,FORWARD,ฟอร์เวิร์ด,โฉมปี 1985-1989,
455,ISUZU,อีซูซุ,FORWARD,ฟอร์เวิร์ด,โฉมปี 1990-2006,
456,ISUZU,อีซูซุ,FSR,เอฟเอสอาร์,-,
457,ISUZU,อีซูซุ,FTR,เอฟทีอาร์,-,
458,ISUZU,อีซูซุ,FV,เอฟวี,-,
459,ISUZU,อีซูซุ,FVM,เอฟวีเอ็ม,-,
460,ISUZU,อีซูซุ,FVZ,เอฟวีซี,-,
461,ISUZU,อีซูซุ,FX,เอฟเอ๊กซ์,-,
462,ISUZU,อีซูซุ,FXZ,เอฟเอ๊กซ์ซี,-,
463,ISUZU,อีซูซุ,G150,จี150,-,
464,ISUZU,อีซูซุ,G161,จี161,-,
465,ISUZU,อีซูซุ,G201,จี201,-,
466,ISUZU,อีซูซุ,GEMINI,เจมมินี,-,
467,ISUZU,อีซูซุ,GZ,จีซี,-,
468,ISUZU,อีซูซุ,JCM,เจซีเอ็ม,-,
469,ISUZU,อีซูซุ,JCR,เจซีอาร์,-,
470,ISUZU,อีซูซุ,JUMBO,จัมโบ้,-,
471,ISUZU,อีซูซุ,K175,เค175,-,
472,ISUZU,อีซูซุ,K210,เค210,-,
473,ISUZU,อีซูซุ,K220,เค220,-,
474,ISUZU,อีซูซุ,K230,เค230,-,
475,ISUZU,อีซูซุ,K240,เค240,-,
476,ISUZU,อีซูซุ,KB,เคบี,-,
477,ISUZU,อีซูซุ,KB20,เคบี20,-,
478,ISUZU,อีซูซุ,KB23,เคบี23,-,
479,ISUZU,อีซูซุ,KBD,เคบีดี,โฉมปี 1980-1988,
480,ISUZU,อีซูซุ,KBZ,เคบีซี,-,
481,ISUZU,อีซูซุ,KBZ,เคบีซี,โฉมปี 1984-1990,
482,ISUZU,อีซูซุ,KS21,เคเอส21,-,
483,ISUZU,อีซูซุ,KS22,เคเอส22,-,
484,ISUZU,อีซูซุ,MKR,เอ็มเคอาร์,-,
485,ISUZU,อีซูซุ,MU-7,มิว-เซเว่น,-,
486,ISUZU,อีซูซุ,MU-7,มิว-เซเว่น,โฉมปี 2004-2013,PPV
487,ISUZU,อีซูซุ,MU-X,มิว-เอ๊กซ์,โฉมปี 2013-2017,PPV
488,ISUZU,อีซูซุ,NGR,เอ็นจีอาร์,-,
489,ISUZU,อีซูซุ,QRS,คิวอาร์เอส,-,
490,ISUZU,อีซูซุ,ROCKY,ร๊อคกี้,-,
491,ISUZU,อีซูซุ,S250,เอส250,-,
492,ISUZU,อีซูซุ,S68,เอส68,-,
493,ISUZU,อีซูซุ,SBR,เอสบีอาร์,-,
494,ISUZU,อีซูซุ,TFR,ทีเอฟอาร์,-,
495,ISUZU,อีซูซุ,TFR,ทีเอฟอาร์,"โฉมปี 1988-2001 (2WD, 4WD มังกรทอง)",PICK UP
496,ISUZU,อีซูซุ,TFS,ทีเอฟเอส,-,
497,ISUZU,อีซูซุ,TL,ทีแอล,-,
498,ISUZU,อีซูซุ,TLD,ทีแอลดี,-,
499,ISUZU,อีซูซุ,TLG,ทีแอลจี,-,
500,ISUZU,อีซูซุ,TROOPER,ทรูปเปอร์,-,
501,ISUZU,อีซูซุ,TROOPER,ทรูปเปอร์,โฉมปี 1981-1991,
502,ISUZU,อีซูซุ,TROOPER,ทรูปเปอร์,โฉมปี 1991-2003,
503,ISUZU,อีซูซุ,TX,ทีเอ๊กซ์,-,
504,ISUZU,อีซูซุ,TXD,ทีเอ๊กซ์ดี,-,
505,ISUZU,อีซูซุ,WFR,ดับบลิวเอฟอาร์,-,
506,JAGUAR,จากัวร์,S-TYPE,เอส-ไทปพ์,-,EURO_CAR
507,JAGUAR,จากัวร์,XF,เอ็กซ์เอฟ,-,EURO_CAR
508,JAGUAR,จากัวร์,XJ,เอ็กซ์เจ,-,EURO_CAR
509,JAGUAR,จากัวร์,XJ6,เอ็กซ์เจ6,-,EURO_CAR
510,JAGUAR,จากัวร์,XJ8,เอ็กซ์เจ8,-,EURO_CAR
511,JAGUAR,จากัวร์,XJS,เอ็กเจเอส,-,EURO_CAR
512,JEEP,จี๊ป,CHEROKEE,เชอโรกี,-,EURO_CAR
513,JEEP,จี๊ป,CHEROKEE,เชอโรกี,โฉมปี 1988-2001,EURO_CAR
514,JEEP,จี๊ป,GRAND CHEROKEE,แกรนด์ เชอโรกี,-,EURO_CAR
515,KIA,เกีย, CARNIVAL,คาร์นิวัล,-,
516,KIA,เกีย, CARNIVAL,คาร์นิวัล,โฉมปี 2000-2004,
517,KIA,เกีย, CARNIVAL,คาร์นิวัล,โฉมปี 2006-2014,
518,KIA,เกีย,CARENS,คาเรนส์,-,
519,KIA,เกีย,CERATO,เซอร์ราโต้,โฉมปี 2012-2018 (YD),
520,KIA,เกีย,CERATO,เซอร์ราโต้,โฉมปี 2019-2021 (BD),
521,KIA,เกีย,GRAND CARNIVAL,แกรนด์ คาร์นิวัล,-,
522,KIA,เกีย,JUMBO,จัมโบ้,-,
523,KIA,เกีย,JUMBO,จัมโบ้,โฉมปี 1990-1997,
524,KIA,เกีย,JUMBO,จัมโบ้,โฉมปี 2005-2011,
525,KIA,เกีย,PICANTO ,พิแคนโต,-,
526,KIA,เกีย,PREGIO,เพรจิโอ,-,
527,KIA,เกีย,PREGIO,เพรจิโอ,โฉมปี 2001-2008,
528,KIA,เกีย,PRIDE,ไพรด์,-,
529,KIA,เกีย,RIO,ริโอ,-,
530,KIA,เกีย,RIO,ริโอ,โฉมปี 2012-2017,
531,KIA,เกีย,SORENTO,โซเรนโต,-,
532,KIA,เกีย,SORENTO,โซเรนโต,โฉมปี 2010-2015,
533,KIA,เกีย,SPORTAGE,สปอร์ตเทจ,-,
534,KIA,เกีย,SPORTAGE,สปอร์ตเทจ,โฉมปี 1995-2002,
535,KOMATSU,โคมัตสุ,,,-,
536,KUBOTA,คูโบต้า,KUBOTA,คูโบต้า,-,
537,LAND ROVER,แลนด์ โรเวอร์,DEFENDER,ดีเฟนเดอร์,-,EURO_CAR
538,LAND ROVER,แลนด์ โรเวอร์,DISCOVERY,ดิสคัฟเวอรี่,-,EURO_CAR
539,LAND ROVER,แลนด์ โรเวอร์,EVOQUE,อีโวค,โฉมปี 2011-2018 (L538),EURO_CAR
540,LAND ROVER,แลนด์ โรเวอร์,EVOQUE SD4,อีโวค เอสดี4,-,EURO_CAR
541,LAND ROVER,แลนด์ โรเวอร์,EVOQUE SD4,อีโวค เอสดี4,โฉมปี 2011-ปัจจุบัน,EURO_CAR
542,LAND ROVER,แลนด์ โรเวอร์,FREELANDER,ฟรีแลนเดอร์,-,EURO_CAR
543,LAND ROVER,แลนด์ โรเวอร์,FREELANDER,ฟรีแลนเดอร์,โฉมปี 1997-2006 (L314),EURO_CAR
544,LAND ROVER,แลนด์ โรเวอร์,RANGE ROVER,เรนจ์โรเวอร์,-,EURO_CAR
545,LAND ROVER,แลนด์ โรเวอร์,RANGE ROVER,เรนจ์โรเวอร์,โฉมปี 1994-2002 (P38A),EURO_CAR
546,LEXUS,เลกซัส,CT200,ซีที200,โฉมปี 2011-2015,
547,LEXUS,เลกซัส,ES250,อีเอส250,-,
548,LEXUS,เลกซัส,ES300,อีเอส300,-,
549,LEXUS,เลกซัส,ES300,อีเอส300,โฉมปี 1992-2004,
550,LEXUS,เลกซัส,ES300,อีเอส300,โฉมปี 2004-2010,
551,LEXUS,เลกซัส,ES330,อีเอส330,โฉมปี 2002-2006 (XV30),
552,LEXUS,เลกซัส,ES350,อีเอส350,-,
553,LEXUS,เลกซัส,GS250,จีเอส250,-,
554,LEXUS,เลกซัส,GS300,จีเอส300,-,
555,LEXUS,เลกซัส,GS300,จีเอส300,โฉมปี 2000-2005 (ZS160),
556,LEXUS,เลกซัส,GS300,จีเอส300,โฉมีปี 2005-2007 (ZS190),
557,LEXUS,เลกซัส,GS350,จีเอส350,-,
558,LEXUS,เลกซัส,GS40,จีเอส40,-,
559,LEXUS,เลกซัส,GS430,จีเอส430,โฉมปี 1997-2005 (S160),
560,LEXUS,เลกซัส,GX470,จีเอ๊กซ์470,โฉมปี 2003-2009 (J120),
561,LEXUS,เลกซัส,IS200,ไอเอส200,-,
562,LEXUS,เลกซัส,IS200,ไอเอส200,โฉมปี 1998-2005 (XE10),
563,LEXUS,เลกซัส,IS250,ไอเอส250,-,
564,LEXUS,เลกซัส,IS250,ไอเอส250,โฉมปี 2006-2012,
565,LEXUS,เลกซัส,IS250,ไอเอส250,โฉมปี 2013-2016,
566,LEXUS,เลกซัส,IS300,ไอเอส300,โฉมปี 1998-2005 (JCE100),
567,LEXUS,เลกซัส,IS450,ไอเอส450,-,
568,LEXUS,เลกซัส,ISC280,ไอเอสซี280,-,
569,LEXUS,เลกซัส,LS400,แอลเอส400,-,
570,LEXUS,เลกซัส,LS400,แอลเอส400,โฉมปี 1990-1994 (UCF10),
571,LEXUS,เลกซัส,LS400,แอลเอส400,โฉมปี 1992-2000,
572,LEXUS,เลกซัส,LS430,แอลเอส430,-,
573,LEXUS,เลกซัส,LS430,แอลเอส430,โฉมปี 2000-2003,
574,LEXUS,เลกซัส,LS430,แอลเอส430,โฉมปี 2001-2006 (UCF30),
575,LEXUS,เลกซัส,LS460,แอลเอส460,-,
576,LEXUS,เลกซัส,LS460,แอลเอส460,โฉมปี 2003-2006,
577,LEXUS,เลกซัส,LX470,แอลเอ๊กซ์470,-,
578,LEXUS,เลกซัส,LX570,แอลเอ๊กซ์570,-,
579,LEXUS,เลกซัส,NX300,เอ็นเอ็กซ์300,-,
580,LEXUS,เลกซัส,RC350,อาร์ซี350,-,
581,LEXUS,เลกซัส,RX,อาร์เอ็กซ์,-,
582,LEXUS,เลกซัส,RX270,อาร์เอ๊กซ์270,-,
583,LEXUS,เลกซัส,RX270,อาร์เอ๊กซ์270,โฉมปี 2008-2015 (AL10),
584,LEXUS,เลกซัส,RX270,อาร์เอ๊กซ์270,โฉมปี 2016-2022 (AL20),
585,LEXUS,เลกซัส,RX300,อาร์เอ็กซ์ 300,-,
586,LEXUS,เลกซัส,RX300,อาร์เอ็กซ์ 300,โฉมปี 1998-2003,
587,LEXUS,เลกซัส,RX300,อาร์เอ็กซ์ 300,โฉมปี 2003-2008,
588,LEXUS,เลกซัส,RX330,อาร์เอ็กซ์330,-,
589,LEXUS,เลกซัส,RX350,อาร์เอ๊กซ์350,-,
590,LEXUS,เลกซัส,RX350,อาร์เอ็กซ์350,โฉมปี 2005-2012,
591,LEXUS,เลกซัส,RX450,อาร์เอ๊กซ์450,-,
592,LEXUS,เลกซัส,SC300,เอสซี300,-,
593,LEXUS,เลกซัส,SC430,เอสซี430,โฉมปี 2001-2010 (UZZ40),
594,LOTUS,โลตัส,,,-,SPORTCAR
595,MASERATI,มาเซราติ,GHIBLI,กิบลี,-,SPORTCAR
596,MAZDA,มาสด้า,121,121,-,
597,MAZDA,มาสด้า,323,323,-,
598,MAZDA,มาสด้า,323,323,โฉมปี 1980-1985 (BD),
599,MAZDA,มาสด้า,323,323,โฉมปี 1985-1994 (BF),
600,MAZDA,มาสด้า,323,323,โฉมปี 1989-1994 (BG),
601,MAZDA,มาสด้า,323,323,โฉมปี 1994-1999 (ASTINA),
602,MAZDA,มาสด้า,626,626,-,
603,MAZDA,มาสด้า,626,626,โฉมปี 1983-1987,
604,MAZDA,มาสด้า,808,808,-,
605,MAZDA,มาสด้า,929,929,-,
606,MAZDA,มาสด้า,929,929,	โฉมปี 1974-1981,
607,MAZDA,มาสด้า,1300,1300,-,
608,MAZDA,มาสด้า,1400,1400,-,
609,MAZDA,มาสด้า,1600,1600,-,
610,MAZDA,มาสด้า,2200,2200,-,
611,MAZDA,มาสด้า,323 PROTEGE,323โปรเทเจ้,-,
612,MAZDA,มาสด้า,323 PROTEGE,323โปรเทเจ้,โฉมปี 2000-2006,
613,MAZDA,มาสด้า,626 Cronos,626โครโนส ,-,
614,MAZDA,มาสด้า,626 Cronos,626โครโนส ,โฉมปี 1987-1992,
615,MAZDA,มาสด้า,626 Cronos,626โครโนส ,โฉมปี 1992-1997,
616,MAZDA,มาสด้า,ALL NEW BT-50 PRO,ออลนิว บีที-50 โปร,"โฉมปี 2020-2025 (2WD, 4WD, HI-RACER ยกสูง)",
617,MAZDA,มาสด้า,B-SERIES,บี-ซีรี่ย์,-,
618,MAZDA,มาสด้า,B1500,บี1500,"โฉมปี 1963-1972 (B800-B1500 , B2200L , 2200)",
619,MAZDA,มาสด้า,B1600,บี1600,โฉมปี 1971-1977 (B1600),
620,MAZDA,มาสด้า,B2200,บี2200,"โฉมปี 1972-1986 (B2200L , 2200)",
621,MAZDA,มาสด้า,B2500,บี2500,-,
622,MAZDA,มาสด้า,B2500,บี2500,โฉมปี 1984-1987,
623,MAZDA,มาสด้า,B3000,บี3000,-,
624,MAZDA,มาสด้า,BONGO,บองโก,-,
625,MAZDA,มาสด้า,BONGO,บองโก,โฉมปี 1995-2005,
626,MAZDA,มาสด้า,BT-50,บีที-50,-,
627,MAZDA,มาสด้า,BT-50,บีที-50,"โฉมปี 2006-2011 (2WD, 4WD, HI-RACER ยกสูง)",PICK UP
628,MAZDA,มาสด้า,BT-50 PRO,บีที-50 โปร,-,
629,MAZDA,มาสด้า,BT-50 PRO,บีที-50 โปร,"โฉมปี 2012-2018 (2WD, 4WD, HI-RACER ยกสูง)",PICK UP
630,MAZDA,มาสด้า,CX-3,ซีเอ๊กซ์-3,โฉมปี 2015-ปัจจุบัน (DK),SUV B-SEGMENT
631,MAZDA,มาสด้า,CX-5,ซีเอ็กซ์-5,-,SUV C-SEGMENT
632,MAZDA,มาสด้า,CX-5,ซีเอ็กซ์-5,โฉมปี 2013-2016 (KE),SUV C-SEGMENT
633,MAZDA,มาสด้า,CX-5,ซีเอ็กซ์-5,โฉมปี 2017-2022 (KF),SUV C-SEGMENT
634,MAZDA,มาสด้า,CX-7,ซีเอ็กซ์-7,-,SUV C-SEGMENT
635,MAZDA,มาสด้า,CX-7,ซีเอ็กซ์-7,โฉมปี 2007-2009,SUV C-SEGMENT
636,MAZDA,มาสด้า,CX-9,ซีเอ๊กซ์-9,-,SUV
637,MAZDA,มาสด้า,E2000,อี2000,-,
638,MAZDA,มาสด้า,E2200,อี2200,-,
639,MAZDA,มาสด้า,FAMILIA,แฟมิเลีย,-,
640,MAZDA,มาสด้า,FIGHTER,ไฟเตอร์,-,
641,MAZDA,มาสด้า,FIGHTER,ไฟเตอร์,"โฉมปี 1998-2006 (2WD, 4WD)",
642,MAZDA,มาสด้า,K1300,เค1300,-,
643,MAZDA,มาสด้า,LANTIS,แลนติส,-,
644,MAZDA,มาสด้า,LANTIS,แลนติส,โฉมปี 1994-2000,
645,MAZDA,มาสด้า,M1000,เอ็ม1000,-,
646,MAZDA,มาสด้า,M1000,เอ็ม1000,โฉมปี 1968-1977,
647,MAZDA,มาสด้า,M1200,เอ็ม1200,-,
648,MAZDA,มาสด้า,M1200,เอ็ม1200,โฉมปี 1971-1976 ,
649,MAZDA,มาสด้า,M1300,เอ็ม1300,-,
650,MAZDA,มาสด้า,M1300,เอ็ม1300,โฉมปี 1976-1979,
651,MAZDA,มาสด้า,M1400,เอ็ม1400,-,
652,MAZDA,มาสด้า,M1600,เอ็ม1600,-,
653,MAZDA,มาสด้า,M626,เอ็ม626,-,
654,MAZDA,มาสด้า,M808,เอ็ม808,-,
655,MAZDA,มาสด้า,MAGNUM,แม๊กนั่ม,-,
656,MAZDA,มาสด้า,MAGNUM,แม๊กนั่ม,โฉมปี 1985-1998,
657,MAZDA,มาสด้า,MAGNUM THUNDER,แม๊กนั่ม ธันเดอร์,โฉม 1985-1996 (B Series),
658,MAZDA,มาสด้า,MAZDA2,มาสด้า2,-,
659,MAZDA,มาสด้า,MAZDA2,มาสด้า2,โฉมปี 2009-2014 (DE),B-SEGMENT (CITY CAR)
660,MAZDA,มาสด้า,MAZDA2,มาสด้า2,โฉมปี 2014-2018 (SKY),B-SEGMENT (CITY CAR)
661,MAZDA,มาสด้า,MAZDA3,มาสด้า3,-,
662,MAZDA,มาสด้า,MAZDA3,มาสด้า3,โฉมปี 2005-2010 (BK),(SEDAN) C-SEGMENT
663,MAZDA,มาสด้า,MAZDA3,มาสด้า3,โฉมปี 2011-2014 (BL),(SEDAN) C-SEGMENT
664,MAZDA,มาสด้า,MAZDA3,มาสด้า3,โฉมปี 2014-2017 (BM),(SEDAN) C-SEGMENT
665,MAZDA,มาสด้า,MAZDA3,มาสด้า3,โฉมปี 2019-2024 (BP),
666,MAZDA,มาสด้า,MAZDA6,มาสด้า6,-,
667,MAZDA,มาสด้า,MAZDA6,มาสด้า6,โฉมปี 2007-2012 (GH),
668,MAZDA,มาสด้า,MILLENIA,มิลเลเนีย,-,
669,MAZDA,มาสด้า,MPV,เอ็มพีวี,-,
670,MAZDA,มาสด้า,MPV,เอ็มพีวี,โฉมปี 1999-2006,
671,MAZDA,มาสด้า,MX-5,เอ็มเอ๊กซ์-5,โฉมปี 1989-1997 (NA),
672,MAZDA,มาสด้า,MX-5,เอ็มเอ๊กซ์-5,โฉมปี 1998-2005 (NB),
673,MAZDA,มาสด้า,MX-5,เอ็มเอ๊กซ์-5,โฉมปี 1998-2005 (NC),
674,MAZDA,มาสด้า,MX-6,เอ็มเอ๊กซ์-6,โฉมปี 1987-1997,
675,MAZDA,มาสด้า,PROCEED,โพรซีด,-,
676,MAZDA,มาสด้า,RX-7,อาร์เอ๊กซ์-7,โฉมปี 1992-2002 (FD),
677,MAZDA,มาสด้า,RX-8,อาร์เอ๊กซ์-8,โฉมปี 2003-2012,
678,MAZDA,มาสด้า,THUNDER,ธันเดอร์,-,
679,MAZDA,มาสด้า,TITAN,ไททัน,-,
680,MAZDA,มาสด้า,TRIBUTE,ทริบิวต์,-,SUV C-SEGMENT
681,MAZDA,มาสด้า,TRIBUTE,ทริบิวต์,โฉมปี 2002-2006,SUV C-SEGMENT
682,MAZDA,มาสด้า,XEDOS,เซดอส,-,
683,MERCEDES-BENZ,เมอร์เซเดส-เบนซ์,190E,190อี,-,EURO_CAR
684,MERCEDES-BENZ,เมอร์เซเดส-เบนซ์,230E,230อี,โฉมปี 1976-1985 (W123),EURO_CAR
685,MERCEDES-BENZ,เมอร์เซเดส-เบนซ์,300SEL,300เอสอีแอล,โฉมปี 1979-1991 (W126),EURO_CAR
686,MERCEDES-BENZ,เมอร์เซเดส-เบนซ์,500SEL,500เอสอีแอล,โฉมปี 1979-1991 (W126),EURO_CAR
687,MERCEDES-BENZ,เมอร์เซเดส-เบนซ์,A-CLASS,เอ-คลาส,โฉมปี 2004-2012 (W169),EURO_CAR
688,MERCEDES-BENZ,เมอร์เซเดส-เบนซ์,A-CLASS,เอ-คลาส,โฉมปี 2012-2016 (W176),EURO_CAR
689,MERCEDES-BENZ,เมอร์เซเดส-เบนซ์,"A-CLASS, A160","เอ-คลาส, เอ160",โฉมปี 1997-2004 (W168),EURO_CAR
690,MERCEDES-BENZ,เมอร์เซเดส-เบนซ์,"A-CLASS, A170","เอ-คลาส, เอ170",โฉมปี 2004-2012 (W169),EURO_CAR
691,MERCEDES-BENZ,เมอร์เซเดส-เบนซ์,"A-CLASS, A180","A-CLASS, A180",โฉมปี 2004-2012 (W169),EURO_CAR
692,MERCEDES-BENZ,เมอร์เซเดส-เบนซ์,"A-CLASS, A180","เอ-คลาส, เอ180",โฉมปี 2012-2016 (W176),EURO_CAR
693,MERCEDES-BENZ,เมอร์เซเดส-เบนซ์,"A-CLASS, A200","เอ-คลาส, เอ200",โฉมปี 2004-2012 (W169),EURO_CAR
694,MERCEDES-BENZ,เมอร์เซเดส-เบนซ์,"A-CLASS, A200","เอ-คลาส, เอ200",โฉมปี 2012-2016 (W176),EURO_CAR
695,MERCEDES-BENZ,เมอร์เซเดส-เบนซ์,"A-CLASS, A250","เอ-คลาส, เอ250",โฉมปี 2012-2016 (W176),EURO_CAR
696,MERCEDES-BENZ,เมอร์เซเดส-เบนซ์,B-CLASS,บี-คลาส,โฉมปี 2005-2011 (W245),EURO_CAR
697,MERCEDES-BENZ,เมอร์เซเดส-เบนซ์,B-CLASS,บี-คลาส,โฉมปี 2011-2016 (W246),EURO_CAR
698,MERCEDES-BENZ,เมอร์เซเดส-เบนซ์,"B-CLASS, B180 CDI","บี-คลาส, บี180 ซีดีไอ",โฉมปี 2005-2011 (W245),EURO_CAR
699,MERCEDES-BENZ,เมอร์เซเดส-เบนซ์,"B-CLASS, B200","บี-คลาส, บี200",โฉมปี 2011-2016 (W246),EURO_CAR
700,MERCEDES-BENZ,เมอร์เซเดส-เบนซ์,C-CLASS,ซี-คลาส,โฉมปี 2000-2007 (W203),EURO_CAR
701,MERCEDES-BENZ,เมอร์เซเดส-เบนซ์,C-CLASS,ซี-คลาส,โฉมปี 2007-2014 (W204),EURO_CAR
702,MERCEDES-BENZ,เมอร์เซเดส-เบนซ์,C-CLASS,ซี-คลาส,โฉมปี 2014-2019 (W205),EURO_CAR
703,MERCEDES-BENZ,เมอร์เซเดส-เบนซ์,"C-CLASS, C180","ซี-คลาส,ซี180",โฉมปี 1993-1999 (W202),EURO_CAR
704,MERCEDES-BENZ,เมอร์เซเดส-เบนซ์,"C-CLASS, C180","ซี-คลาส,ซี180",โฉมปี 2000-2007 (W203),EURO_CAR
705,MERCEDES-BENZ,เมอร์เซเดส-เบนซ์,"C-CLASS, C180","ซี-คลาส,ซี180",โฉมปี 2007-2014 (W204),EURO_CAR
706,MERCEDES-BENZ,เมอร์เซเดส-เบนซ์,"C-CLASS, C180","ซี-คลาส,ซี180",โฉมปี 2014-2019 (W205),EURO_CAR
707,MERCEDES-BENZ,เมอร์เซเดส-เบนซ์,"C-CLASS, C200","ซี-คลาส,ซี200",โฉมปี 1993-1999 (W202),EURO_CAR
708,MERCEDES-BENZ,เมอร์เซเดส-เบนซ์,"C-CLASS, C200","ซีคลาส, ซี200",โฉมปี 2000-2007 (W203),EURO_CAR
709,MERCEDES-BENZ,เมอร์เซเดส-เบนซ์,"C-CLASS, C200","ซี-คลาส,ซี200",โฉมปี 2007-2014 (W204),EURO_CAR
710,MERCEDES-BENZ,เมอร์เซเดส-เบนซ์,"C-CLASS, C200","ซี-คลาส, ซี200",โฉมปี 2014-2019 (W205),EURO_CAR
711,MERCEDES-BENZ,เมอร์เซเดส-เบนซ์,"C-CLASS, C220","ซี-คลาส,ซี220",โฉมปี 1993-1999 (W202),EURO_CAR
712,MERCEDES-BENZ,เมอร์เซเดส-เบนซ์,"C-CLASS, C220","ซีคลาส, ซี220",โฉมปี 2000-2007 (W203),EURO_CAR
713,MERCEDES-BENZ,เมอร์เซเดส-เบนซ์,"C-CLASS, C230","ซีคลาส, ซี230",โฉมปี 2000-2007 (W203),EURO_CAR
714,MERCEDES-BENZ,เมอร์เซเดส-เบนซ์,"C-CLASS, C230","ซี-คลาส,ซี230",โฉมปี 2007-2014 (W204),EURO_CAR
715,MERCEDES-BENZ,เมอร์เซเดส-เบนซ์,"C-CLASS, C240","ซี-คลาส,ซี240",โฉมปี 1993-1999 (W202),EURO_CAR
716,MERCEDES-BENZ,เมอร์เซเดส-เบนซ์,"C-CLASS, C240","ซีคลาส, ซี240",โฉมปี 2000-2007 (W203),EURO_CAR
717,MERCEDES-BENZ,เมอร์เซเดส-เบนซ์,"C-CLASS, C250","ซี-คลาส,ซี250",โฉมปี 2007-2014 (W204),EURO_CAR
718,MERCEDES-BENZ,เมอร์เซเดส-เบนซ์,"C-CLASS, C250","ซี-คลาส, ซี250",โฉมปี 2014-2019 (W205),EURO_CAR
719,MERCEDES-BENZ,เมอร์เซเดส-เบนซ์,"C-CLASS, C280","ซี-คลาส,ซี280",โฉมปี 1993-1999 (W202),EURO_CAR
720,MERCEDES-BENZ,เมอร์เซเดส-เบนซ์,"C-CLASS, C280","ซี-คลาส,ซี280",โฉมปี 2007-2014 (W204),EURO_CAR
721,MERCEDES-BENZ,เมอร์เซเดส-เบนซ์,"C-CLASS, C300","ซี-คลาส,ซี300",โฉมปี 2007-2014 (W204),EURO_CAR
722,MERCEDES-BENZ,เมอร์เซเดส-เบนซ์,"C-CLASS, C300","ซี-คลาส, ซี300",โฉมปี 2014-2019 (W205),EURO_CAR
723,MERCEDES-BENZ,เมอร์เซเดส-เบนซ์,"C-CLASS, C320","ซีคลาส, ซี320",โฉมปี 2000-2007 (W203),EURO_CAR
724,MERCEDES-BENZ,เมอร์เซเดส-เบนซ์,"C-CLASS, C320","ซี-คลาส,ซี320",โฉมปี 2007-2014 (W204),EURO_CAR
725,MERCEDES-BENZ,เมอร์เซเดส-เบนซ์,"C-CLASS, C350","ซี-คลาส,ซี350",โฉมปี 2007-2014 (W204),EURO_CAR
726,MERCEDES-BENZ,เมอร์เซเดส-เบนซ์,"C-CLASS, C63","ซี-คลาส,ซี63",โฉมปี 2007-2014 (W204),EURO_CAR
727,MERCEDES-BENZ,เมอร์เซเดส-เบนซ์,CLA,ซีแอลเอ,โฉมปี 2014-2018 (C117),EURO_CAR
728,MERCEDES-BENZ,เมอร์เซเดส-เบนซ์,CLA250,ซีแอลเอ250,-,EURO_CAR
729,MERCEDES-BENZ,เมอร์เซเดส-เบนซ์,CLA250,ซีแอลเอ250,โฉมปี 2013-ปัจจุบัน,EURO_CAR
730,MERCEDES-BENZ,เมอร์เซเดส-เบนซ์,"CLK-CLASS, CLK230","ซีแอลเค-คลาส, ซีแอลเค230",โฉมปี 1997-2003 (W208) ,EURO_CAR
731,MERCEDES-BENZ,เมอร์เซเดส-เบนซ์,"CLK-CLASS, CLK240","ซีแอลเค-คลาส, ซีแอลเค240",โฉมปี 2002-2009 (W209),EURO_CAR
732,MERCEDES-BENZ,เมอร์เซเดส-เบนซ์,"CLK-CLASS, CLK63","ซีแอลเค-คลาส, ซีแอลเค63",โฉมปี 2002-2009 (W209),EURO_CAR
733,MERCEDES-BENZ,เมอร์เซเดส-เบนซ์,"CLS-CLASS, CLS250 CDI","ซีแอลเอส-คลาส, ซีแอลเอส250 ซีดีไอ",โฉมปี 2011-2016 (W218),EURO_CAR
734,MERCEDES-BENZ,เมอร์เซเดส-เบนซ์,"CLS-CLASS, CLS350","ซีแอลเอส-คลาส, ซีแอลเอส350",โฉมปี 2005-2011 (W219),EURO_CAR
735,MERCEDES-BENZ,เมอร์เซเดส-เบนซ์,E-CLASS,อีคลาส,โฉมปี 2003-2009 (W211),EURO_CAR
736,MERCEDES-BENZ,เมอร์เซเดส-เบนซ์,E-CLASS,อีคลาส,โฉมปี 2010-2016 (W212),EURO_CAR
737,MERCEDES-BENZ,เมอร์เซเดส-เบนซ์,E-CLASS,อี-คลาส,โฉมปี 2016-2020 (W213),EURO_CAR
738,MERCEDES-BENZ,เมอร์เซเดส-เบนซ์,"E-CLASS , E200","อีคลาส, อี200",-,EURO_CAR
739,MERCEDES-BENZ,เมอร์เซเดส-เบนซ์,"E-CLASS , E200","อีคลาส, อี200",โฉมปี 2003-2009 (W211),EURO_CAR
740,MERCEDES-BENZ,เมอร์เซเดส-เบนซ์,"E-CLASS , E220 CDI","อีคลาส, อี220 ซีดีไอ",โฉมปี 2003-2009 (W211),EURO_CAR
741,MERCEDES-BENZ,เมอร์เซเดส-เบนซ์,"E-CLASS , E240","อี-คลาส, อี240",โฉมปี 2003-2009 (W211),EURO_CAR
742,MERCEDES-BENZ,เมอร์เซเดส-เบนซ์,"E-CLASS , E280","อีคลาส, อี280",โฉมปี 2003-2009 (W211),EURO_CAR
743,MERCEDES-BENZ,เมอร์เซเดส-เบนซ์,"E-CLASS , E320","อี-คลาส, อี320",โฉมปี 2003-2009 (W211),EURO_CAR
744,MERCEDES-BENZ,เมอร์เซเดส-เบนซ์,"E-CLASS , E55","อีคลาส, อี55",โฉมปี 2003-2009 (W211),EURO_CAR
745,MERCEDES-BENZ,เมอร์เซเดส-เบนซ์,"E-CLASS, 230E","อี-คลาส, อี230",โฉมปี 1976-1986 (W123),EURO_CAR
746,MERCEDES-BENZ,เมอร์เซเดส-เบนซ์,"E-CLASS, 300E","อีคลาส, 300อี",โฉมปี 1993-1995 (W124),EURO_CAR
747,MERCEDES-BENZ,เมอร์เซเดส-เบนซ์,"E-CLASS, E200","อีคลาส, อี200",โฉมปี 1993-1995 (W124),EURO_CAR
748,MERCEDES-BENZ,เมอร์เซเดส-เบนซ์,"E-CLASS, E200","อีคลาส, อี200",โฉมปี 1996-2002 (W210),EURO_CAR
749,MERCEDES-BENZ,เมอร์เซเดส-เบนซ์,"E-CLASS, E200","อีคลาส, อี200",โฉมปี 2010-2016 (W212),EURO_CAR
750,MERCEDES-BENZ,เมอร์เซเดส-เบนซ์,"E-CLASS, E200 CGI","อีคลาส, อี200 ซีจีไอ",โฉมปี 2010-2016 (W212),EURO_CAR
751,MERCEDES-BENZ,เมอร์เซเดส-เบนซ์,"E-CLASS, E220","อีคลาส, อี220",โฉมปี 1993-1995 (W124),EURO_CAR
752,MERCEDES-BENZ,เมอร์เซเดส-เบนซ์,"E-CLASS, E220","อีคลาส, อี220",โฉมปี 1996-2002 (W210),EURO_CAR
753,MERCEDES-BENZ,เมอร์เซเดส-เบนซ์,"E-CLASS, E220 CDI","อีคลาส, อี220 ซีดีไอ",โฉมปี 1996-2002 (W210),EURO_CAR
754,MERCEDES-BENZ,เมอร์เซเดส-เบนซ์,"E-CLASS, E220 CDI","อีคลาส, อี220 ซีดีไอ",โฉมปี 2010-2016 (W212),EURO_CAR
755,MERCEDES-BENZ,เมอร์เซเดส-เบนซ์,"E-CLASS, E220d","อี-คลาส, อี220ดี",โฉมปี 2016-2020 (W213),EURO_CAR
756,MERCEDES-BENZ,เมอร์เซเดส-เบนซ์,"E-CLASS, E230","อีคลาส, อี230",-,EURO_CAR
757,MERCEDES-BENZ,เมอร์เซเดส-เบนซ์,"E-CLASS, E230","อี-คลาส, อี230",โฉมปี 1993-1995 (W124),EURO_CAR
758,MERCEDES-BENZ,เมอร์เซเดส-เบนซ์,"E-CLASS, E230","อีคลาส, อี230",โฉมปี 1996-2002 (W210),EURO_CAR
759,MERCEDES-BENZ,เมอร์เซเดส-เบนซ์,"E-CLASS, E240","อีคลาส, อี240",โฉมปี 1996-2002 (W210),EURO_CAR
760,MERCEDES-BENZ,เมอร์เซเดส-เบนซ์,"E-CLASS, E250","อีคลาส, อี250",โฉมปี 2009-2017 (W207),EURO_CAR
761,MERCEDES-BENZ,เมอร์เซเดส-เบนซ์,"E-CLASS, E250","อี-คลาส, อี250",โฉมปี 2010-2016 (W207 CGI),EURO_CAR
762,MERCEDES-BENZ,เมอร์เซเดส-เบนซ์,"E-CLASS, E250","อีคลาส, อี250",โฉมปี 2010-2016 (W212),EURO_CAR
763,MERCEDES-BENZ,เมอร์เซเดส-เบนซ์,"E-CLASS, E250 CGI","อีคลาส, อี250 ซีจีไอ",โฉมปี 2010-2016 (W212),EURO_CAR
764,MERCEDES-BENZ,เมอร์เซเดส-เบนซ์,"E-CLASS, E250 Coupe","อี-คลาส, อี250 คูเป้",โฉมปี 2010-2016 (W207),EURO_CAR
765,MERCEDES-BENZ,เมอร์เซเดส-เบนซ์,"E-CLASS, E280","อี-คลาส, อี280",โฉมปี 1993-1995 (W124),EURO_CAR
766,MERCEDES-BENZ,เมอร์เซเดส-เบนซ์,"E-CLASS, E280","อีคลาส, อี280",โฉมปี 1996-2002 (W210),EURO_CAR
767,MERCEDES-BENZ,เมอร์เซเดส-เบนซ์,"E-CLASS, E300","อีคลาส, อี300",โฉมปี 1993-1995 (W124),EURO_CAR
768,MERCEDES-BENZ,เมอร์เซเดส-เบนซ์,"E-CLASS, E300","อีคลาส, อี300",โฉมปี 1996-2002 (W210),EURO_CAR
769,MERCEDES-BENZ,เมอร์เซเดส-เบนซ์,"E-CLASS, E300 HYBRID","อีคลาส, อี300 ไฮบริด",โฉมปี 2010-2016 (W212),EURO_CAR
770,MERCEDES-BENZ,เมอร์เซเดส-เบนซ์,"E-CLASS, E320","อีคลาส, อี320",โฉมปี 1993-1995 (W124),EURO_CAR
771,MERCEDES-BENZ,เมอร์เซเดส-เบนซ์,"E-CLASS, E320","อีคลาส, อี320",โฉมปี 1996-2002 (W210),EURO_CAR
772,MERCEDES-BENZ,เมอร์เซเดส-เบนซ์,"E-CLASS, E350 Coupe","อี-คลาส, อี350 คูเป้",โฉมปี 2010-2016 (W207),EURO_CAR
773,MERCEDES-BENZ,เมอร์เซเดส-เบนซ์,"E-CLASS, E350e","อี-คลาส, อี350อี",โฉมปี 2016-2020 (W213),EURO_CAR
774,MERCEDES-BENZ,เมอร์เซเดส-เบนซ์,"E-CLASS, E500","อีคลาส, อี500",โฉมปี 1993-1995 (W124),EURO_CAR
775,MERCEDES-BENZ,เมอร์เซเดส-เบนซ์,"E-CLASS,190E","อีคลาส,190อี",โฉมปี 1990-1994 (W201),EURO_CAR
776,MERCEDES-BENZ,เมอร์เซเดส-เบนซ์,"E-CLASS,230E","อี-คลาส,230อี",โฉมปี 1990-1994 (W201),EURO_CAR
777,MERCEDES-BENZ,เมอร์เซเดส-เบนซ์,"E-CLASS,300E","อี-คลาส,300อี",โฉมปี 1990-1994 (W201),EURO_CAR
778,MERCEDES-BENZ,เมอร์เซเดส-เบนซ์,GLA,จีแอลเอ,โฉมปี 2014-2017 (X156),EURO_CAR
779,MERCEDES-BENZ,เมอร์เซเดส-เบนซ์,"GLE , GLE250","จีแอลอี , จีแอลอี250",โฉมปี 2012-2016 (W166),EURO_CAR
780,MERCEDES-BENZ,เมอร์เซเดส-เบนซ์,"GLE , GLE350","จีแอลอี , จีแอลอี350",โฉมปี 2015-2018 (W292),EURO_CAR
781,MERCEDES-BENZ,เมอร์เซเดส-เบนซ์,"GLK-CLASS, GLK350","จีแอลเค-คลาส, จีแอลเค350",โฉมปี 2008-2015 (X204),EURO_CAR
782,MERCEDES-BENZ,เมอร์เซเดส-เบนซ์,"M-CLASS, ML320","เอ็ม-คลาส, เอ็มแอล320",โฉมปี 1997-2005 (W163),EURO_CAR
783,MERCEDES-BENZ,เมอร์เซเดส-เบนซ์,MB100,เอ็มบี100,โฉมปี 1981-1996 (W631),EURO_CAR
784,MERCEDES-BENZ,เมอร์เซเดส-เบนซ์,MB100,เอ็มบี100,โฉมปี 1981-1996,EURO_CAR
785,MERCEDES-BENZ,เมอร์เซเดส-เบนซ์,MB140,เอ็มบี140,โฉมปี 1981-1996 (W631),EURO_CAR
786,MERCEDES-BENZ,เมอร์เซเดส-เบนซ์,MB140,เอ็มบี140,โฉมปี 1981-1996,EURO_CAR
787,MERCEDES-BENZ,เมอร์เซเดส-เบนซ์,"ML-CLASS, ML250","เอ็มแอล-คลาส, เอ็มแอล250",โฉมปี 2012-2016 (W166),EURO_CAR
788,MERCEDES-BENZ,เมอร์เซเดส-เบนซ์,"ML-CLASS, ML270 CDI","เอ็มแอล-คลาส, เอ็มแอล270 ซีดีไอ",โฉมปี 1999-2002 (W163),EURO_CAR
789,MERCEDES-BENZ,เมอร์เซเดส-เบนซ์,"ML-CLASS, ML280","เอ็มแอล-คลาส, เอ็มแอล280",โฉมปี 2006-2011 (W164),EURO_CAR
790,MERCEDES-BENZ,เมอร์เซเดส-เบนซ์,"ML-CLASS, ML320","เอ็มแอล-คลาส, เอ็มแอล320",โฉมปี 1999-2002 (W163),EURO_CAR
791,MERCEDES-BENZ,เมอร์เซเดส-เบนซ์,"ML-CLASS, ML350","เอ็มแอล-คลาส, เอ็มแอล350",โฉมปี 1999-2002 (W163),EURO_CAR
792,MERCEDES-BENZ,เมอร์เซเดส-เบนซ์,"ML-CLASS, ML63","เอ็มแอล-คลาส, เอ็มแอล63",โฉมปี 2006-2011 (W164),EURO_CAR
793,MERCEDES-BENZ,เมอร์เซเดส-เบนซ์,S-CLASS,เอส-คลาส,-,EURO_CAR
794,MERCEDES-BENZ,เมอร์เซเดส-เบนซ์,"S-CLASS , S280","เอส-คลาส, เอส280",-,EURO_CAR
795,MERCEDES-BENZ,เมอร์เซเดส-เบนซ์,"S-CLASS , S280","เอส-คลาส, เอส280",โฉมปี 1999-2005 (W220),EURO_CAR
796,MERCEDES-BENZ,เมอร์เซเดส-เบนซ์,"S-CLASS , S320","เอส-คลาส, เอส320",โฉมปี 1999-2005 (W220),EURO_CAR
797,MERCEDES-BENZ,เมอร์เซเดส-เบนซ์,"S-CLASS , S500","เอส-คลาส, เอส500",โฉมปี 1999-2005 (W220),EURO_CAR
798,MERCEDES-BENZ,เมอร์เซเดส-เบนซ์,"S-CLASS, S250","เอส-คลาส, เอส250",โฉมปี 2006-2014 (W221),EURO_CAR
799,MERCEDES-BENZ,เมอร์เซเดส-เบนซ์,"S-CLASS, S280","เอส-คลาส, เอส280",โฉมปี 1991-1998 (W140),EURO_CAR
800,MERCEDES-BENZ,เมอร์เซเดส-เบนซ์,"S-CLASS, S320","เอส-คลาส, เอส320",-,EURO_CAR
801,MERCEDES-BENZ,เมอร์เซเดส-เบนซ์,"S-CLASS, S320","เอส-คลาส, เอส320",โฉมปี 1991-1998 (W140),EURO_CAR
802,MERCEDES-BENZ,เมอร์เซเดส-เบนซ์,"S-CLASS, S320","เอส-คลาส, เอส320",โฉมปี 2006-2014 (W221 CDI),EURO_CAR
803,MERCEDES-BENZ,เมอร์เซเดส-เบนซ์,"S-CLASS, S320","เอส-คลาส, เอส320",โฉมปี 2006-2014 (W221),EURO_CAR
804,MERCEDES-BENZ,เมอร์เซเดส-เบนซ์,"S-CLASS, S350","เอส-คลาส, เอส350",โฉมปี 2006-2014 (W221),EURO_CAR
805,MERCEDES-BENZ,เมอร์เซเดส-เบนซ์,"S-CLASS, S350","เอส-คลาส, เอส350",โฉมปี 2013-2016 (W222),EURO_CAR
806,MERCEDES-BENZ,เมอร์เซเดส-เบนซ์,"S-CLASS, S400","เอส-คลาส, เอส400",โฉมปี 2013-2016 (W222),EURO_CAR
807,MERCEDES-BENZ,เมอร์เซเดส-เบนซ์,"S-CLASS, S500","เอส-คลาส, เอส500",โฉมปี 1991-1998 (W140),EURO_CAR
808,MERCEDES-BENZ,เมอร์เซเดส-เบนซ์,"S-CLASS, S500","เอส-คลาส, เอส500",โฉมปี 2013-2016 (W222),EURO_CAR
809,MERCEDES-BENZ,เมอร์เซเดส-เบนซ์,"S-CLASS, S600","เอส-คลาส, เอส600",โฉมปี 1991-1998 (W140),EURO_CAR
810,MERCEDES-BENZ,เมอร์เซเดส-เบนซ์,"SL-CLASS, 500SL","เอสแอล-คลาส, 500เอสแอล",โฉมปี 1990-2002 (W129),EURO_CAR
811,MERCEDES-BENZ,เมอร์เซเดส-เบนซ์,"SL-CLASS, 600SL","เอสแอล-คลาส, 600เอสแอล",โฉมปี 1990-2002 (W129),EURO_CAR
812,MERCEDES-BENZ,เมอร์เซเดส-เบนซ์,"SL-CLASS, SL280","เอสแอล-คลาส, เอสแอล280",โฉมปี 1990-2002 (W129),EURO_CAR
813,MERCEDES-BENZ,เมอร์เซเดส-เบนซ์,"SL-CLASS, SL320","เอสแอล-คลาส, เอสแอล320",โฉมปี 1990-2002 (W129),EURO_CAR
814,MERCEDES-BENZ,เมอร์เซเดส-เบนซ์,"SLK-CLASS, SLK200","เอสแอลเค-คลาส, เอสแอลเค200",โฉมปี 1996-2004 (R170),EURO_CAR
815,MERCEDES-BENZ,เมอร์เซเดส-เบนซ์,"SLK-CLASS, SLK200","เอสแอลเค-คลาส, เอสแอลเค200",โฉมปี 2011-2016 (R172),EURO_CAR
816,MERCEDES-BENZ,เมอร์เซเดส-เบนซ์,"SLK-CLASS, SLK230","เอสแอลเค-คลาส, เอสแอลเค230",โฉมปี 1996-2004 (R170),EURO_CAR
817,MERCEDES-BENZ,เมอร์เซเดส-เบนซ์,"SLK-CLASS, SLK250","เอสแอลเค-คลาส, เอสแอลเค250",โฉมปี 2011-2016 (R172),EURO_CAR
818,MERCEDES-BENZ,เมอร์เซเดส-เบนซ์,VITO,วีโต้,โฉมปี 1996-2005 (W638),EURO_CAR
819,MERCEDES-BENZ,เมอร์เซเดส-เบนซ์,"VITO, 112 CDI","วีโต้, 112 ซีดีไอ",โฉมปี 1996-2005 (W638),EURO_CAR
820,MERCEDES-BENZ,เมอร์เซเดส-เบนซ์,"VITO, 114 CDI","วีโต้, 114 ซีดีไอ",โฉมปี 1996-2005 (W638),EURO_CAR
821,MERCEDES-BENZ,เมอร์เซเดส-เบนซ์,"VITO, 115 CDI","วีโต้, 115 ซีดีไอ",โฉมปี 2003-2014 (W639),EURO_CAR
822,MERCEDES-BENZ,เมอร์เซเดส-เบนซ์,"VITO, 116 CDI","วีโต้, 116 ซีดีไอ",โฉมปี 2003-2014 (W639),EURO_CAR
823,MG,เอ็มจี,Extender,เอ๊กซ์เทนเดอร์,โฉมปี 2019-2023,
824,MG,เอ็มจี,GS,จีเอส,โฉมปี 2016-2019,
825,MG,เอ็มจี,MG3,เอ็มจี3,-,
826,MG,เอ็มจี,MG3,เอ็มจี3,โฉมปี 2015-2018,
827,MG,เอ็มจี,MG5,เอ็มจี5,โฉมปี 2015-2018,
828,MG,เอ็มจี,MG6,เอ็มจี6,โฉมปี 2014-2017,
829,MG,เอ็มจี,ZS,แซดเอส,-,
830,MG,เอ็มจี,ZS,แซดเอส,โฉมปี 2017-2021,
831,MINI,มินิ,AUSTIN,ออสติน,โฉมปี 1959-1967 (MARK I),
832,MINI,มินิ,AUSTIN,ออสติน,โฉมปี 1967-1970 (MARK II),
833,MINI,มินิ,CLUBMAN,คลับแมน,โฉมปี 2007-2014 (R55),
834,MINI,มินิ,CLUBVAN,คลับแวน,โฉมปี 2007-2014 (R55),
835,MINI,มินิ,CONVERTIBLE,คอนเวิร์ตทิเบิล,โฉมปี 2001-2006 (R52),
836,MINI,มินิ,CONVERTIBLE,คอนเวิร์ตทิเบิล,โฉมปี 2009-2019 (R57),
837,MINI,มินิ,COOPER,คูเปอร์,โฉมปี 2001-2006 (R50),
838,MINI,มินิ,COOPER,คูเปอร์,โฉมปี 2006-2013 (R56),
839,MINI,มินิ,COOPER,คูเปอร์,โฉมปี 2014-2019 (F56),
840,MINI,มินิ,COOPER S,คููเปอร์ เอส,โฉมปี 2001-2006 (R53),
841,MINI,มินิ,COOPER S,คููเปอร์ เอส,โฉมปี 2006-2013 (R56),
842,MINI,มินิ,COUNTRYMAN,คันทรี่แมน,โฉมปี 2010-2016 (R60),
843,MINI,มินิ,COUPE,คูเป้,โฉมปี 2012-2015 (R58),
844,MINI,มินิ,Cooper S,คูเปอร์เอส,โฉมปี 2012-2015 (R58),
845,MINI,มินิ,ONE,วัน,โฉมปี 2001-2006 (R50),
846,MINI,มินิ,ONE,วัน,โฉมปี 2006-2013 (R56),
847,MINI,มินิ,ROASTER,โรสเตอร์,โฉมปี 2012-2015 (R59),
848,MITSUBISHI,มิตซูบิชิ,ATTRAGE,แอททราจ,-,
849,MITSUBISHI,มิตซูบิชิ,ATTRAGE,แอททราจ,โฉมปี 2012-2016 (A03),ECO_CAR
850,MITSUBISHI,มิตซูบิชิ,BUS,,-,
851,MITSUBISHI,มิตซูบิชิ,CANTER,แคนเทอร์,-,
852,MITSUBISHI,มิตซูบิชิ,CARISMA,คาร์ริสม่า,-,
853,MITSUBISHI,มิตซูบิชิ,COLT,"โคลท์
",โฉมปี 1983-1987 (A156),
854,MITSUBISHI,มิตซูบิชิ,COLT 3 Door,โคลท์ 3 ประตู,โฉมปี 1991-1995,
855,MITSUBISHI,มิตซูบิชิ,CYCLONE,ไซโคลน,-,
856,MITSUBISHI,มิตซูบิชิ,CYCLONE,ไซโคลน,โฉมปี 1989-1995 (L200),
857,MITSUBISHI,มิตซูบิชิ,DELICA,เดลิกา,โฉมปี 1986-1994 (L300),
858,MITSUBISHI,มิตซูบิชิ,DELICA,เดลิกา,โฉมปี 1994-2007 (L400),
859,MITSUBISHI,มิตซูบิชิ,ECLIPSE,"อีคลิปส์
",-,
860,MITSUBISHI,มิตซูบิชิ,FTO,เอฟทีโอ,โฉมปี 1994-2000 (DE),
861,MITSUBISHI,มิตซูบิชิ,FUSO,,-,
862,MITSUBISHI,มิตซูบิชิ,GALANT,กาแลนท์,-,
863,MITSUBISHI,มิตซูบิชิ,GALANT,กาแลนท์,โฉมปี 1969-1973,
864,MITSUBISHI,มิตซูบิชิ,GALANT,กาแลนท์,โฉมปี 1976-1986,
865,MITSUBISHI,มิตซูบิชิ,GALANT,กาแลนท์,โฉมปี 1983-1989,
866,MITSUBISHI,มิตซูบิชิ,GALANT,กาแลนท์,โฉมปี 1987-1994,
867,MITSUBISHI,มิตซูบิชิ,GALANT,กาแลนท์,โฉมปี 1992-1999,
868,MITSUBISHI,มิตซูบิชิ,GALANT,กาแลนท์,โฉมปี 1996-2006,
869,MITSUBISHI,มิตซูบิชิ,GUTS,กัตส์,-,
870,MITSUBISHI,มิตซูบิชิ,JEEP,จี๊บ,-,
871,MITSUBISHI,มิตซูบิชิ,L300,แอล300,-,
872,MITSUBISHI,มิตซูบิชิ,L300,แอล300,โฉมปี 1992-1999,
873,MITSUBISHI,มิตซูบิชิ,LANCER,แลนเซอร์,-,
874,MITSUBISHI,มิตซูบิชิ,LANCER,แลนเซอร์,โฉมปี 1973-1979,
875,MITSUBISHI,มิตซูบิชิ,LANCER,แลนเซอร์,โฉมปี 1979-1982 (FIORE),
876,MITSUBISHI,มิตซูบิชิ,LANCER,แลนเซอร์,โฉมปี 1979-1987 (กล่องไม้ขีด),
877,MITSUBISHI,มิตซูบิชิ,LANCER,แลนเซอร์,โฉมปี 1983-1995 (CHAMP),
878,MITSUBISHI,มิตซูบิชิ,LANCER,แลนเซอร์,โฉมปี 1992-1996 (CB E-CAR),(SEDAN) C-SEGMENT
879,MITSUBISHI,มิตซูบิชิ,LANCER,แลนเซอร์,โฉมปี 1996-1999 (CK ท้ายเบ๊นซ์),(SEDAN) C-SEGMENT
880,MITSUBISHI,มิตซูบิชิ,LANCER,แลนเซอร์,โฉมปี 2001-2007 (CEDIA),(SEDAN) C-SEGMENT
881,MITSUBISHI,มิตซูบิชิ,LANCER,แลนเซอร์,โฉมปี 2009-2015 (EX),(SEDAN) C-SEGMENT
882,MITSUBISHI,มิตซูบิชิ,LANCER EVOLUTION,แลนเซอร์ อีโวลูชั่น,-,
883,MITSUBISHI,มิตซูบิชิ,LANCER EVOLUTION,แลนเซอร์ อีโวลูชั่น,โฉมปี 1995-1996 (EVOLUTION III),
884,MITSUBISHI,มิตซูบิชิ,LANCER EVOLUTION,แลนเซอร์ อีโวลูชั่น,โฉมปี 1996-1998 (EVOLUTION IV),
885,MITSUBISHI,มิตซูบิชิ,LANCER EVOLUTION,แลนเซอร์ อีโวลูชั่น,โฉมปี 1998-1999 (EVOLUTION V),
886,MITSUBISHI,มิตซูบิชิ,LANCER EVOLUTION,แลนเซอร์ อีโวลูชั่น,โฉมปี 1999-2001 (EVOLUTION VI),
887,MITSUBISHI,มิตซูบิชิ,LANCER EVOLUTION,แลนเซอร์ อีโวลูชั่น,โฉมปี 2001-2003 (EVOLUTION VII),
888,MITSUBISHI,มิตซูบิชิ,LANCER EVOLUTION,แลนเซอร์ อีโวลูชั่น,โฉมปี 2007-2016 (EVOLUTION X),
889,MITSUBISHI,มิตซูบิชิ,MIRAGE,มิราจ,-,
890,MITSUBISHI,มิตซูบิชิ,MIRAGE,มิราจ,โฉมปี 1995-2003,
891,MITSUBISHI,มิตซูบิชิ,MIRAGE,มิราจ,โฉมปี 2012-2016 (A03),ECO_CAR
892,MITSUBISHI,มิตซูบิชิ,OUTLANDER,เอ๊าท์แลนเดอร์,โฉมปี 2003-2006 (CU),
893,MITSUBISHI,มิตซูบิชิ,OUTLANDER,เอ๊าท์แลนเดอร์,โฉมปี 2007-2013 (CW),
894,MITSUBISHI,มิตซูบิชิ,PAJERO,ปาเจโร่,-,
895,MITSUBISHI,มิตซูบิชิ,PAJERO,ปาเจโร่,โฉมปี 1982-1991 (L040),
896,MITSUBISHI,มิตซูบิชิ,PAJERO,ปาเจโร่,โฉมปี 1991-1999 (V20),
897,MITSUBISHI,มิตซูบิชิ,PAJERO,ปาเจโร่,โฉมปี 1999-2006 (V65),
898,MITSUBISHI,มิตซูบิชิ,PAJERO,ปาเจโร่,โฉมปี 2006-2019 (V83),
899,MITSUBISHI,มิตซูบิชิ,PAJERO SPORT,ปาเจโร่ สปอร์ต,-,
900,MITSUBISHI,มิตซูบิชิ,PAJERO SPORT,ปาเจโร่ สปอร์ต,โฉมปี 2008-2015,PPV
901,MITSUBISHI,มิตซูบิชิ,PAJERO SPORT,ปาเจโร่ สปอร์ต,โฉมปี 2015-ปัจจุบัน,PPV
902,MITSUBISHI,มิตซูบิชิ,RVR,อาร์วีอาร์,โฉมปี 1991-1999,
903,MITSUBISHI,มิตซูบิชิ,SIGMA,ซิกมา,โฉมปี 1988-1990,
904,MITSUBISHI,มิตซูบิชิ,SPACE WAGON,สเปซวากอน,-,
905,MITSUBISHI,มิตซูบิชิ,SPACE WAGON,สเปซวากอน,โฉมปี 1992-1997,
906,MITSUBISHI,มิตซูบิชิ,SPACE WAGON,สเปซวากอน,โฉมปี 1995-2003,
907,MITSUBISHI,มิตซูบิชิ,SPACE WAGON,สเปซวากอน,โฉมปี 2004-2010 (NA4),MPV C-SEGMENT
908,MITSUBISHI,มิตซูบิชิ,STRADA,สตราด้า,-,
909,MITSUBISHI,มิตซูบิชิ,STRADA,สตราด้า,"โฉมปี 1996-2002 (2WD, 4WD)",Pick up
910,MITSUBISHI,มิตซูบิชิ,STRADA G-WAGON,สตราด้า จีวาก้อน,-,
911,MITSUBISHI,มิตซูบิชิ,STRADA G-WAGON,สตราด้า จีวาก้อน,โฉมปี 2001-2006,PPV
912,MITSUBISHI,มิตซูบิชิ,TRITON,ไทรทัน,-,
913,MITSUBISHI,มิตซูบิชิ,TRITON,ไทรทัน,"โฉมปี 2005-2015 (2WD, 4WD, PLUS ยกสูง)",PICK UP
914,MITSUBISHI,มิตซูบิชิ,TRITON,ไทรทัน,โฉมปี 2015-2019,PICK UP
915,MITSUBISHI,มิตซูบิชิ,XPANDER,เอ็กซ์แพนเดอร์,โฉมปี 2018-2023 (NC),MINI MPV
916,NISSAN,นิสสัน,300ZX,300ซีเอ๊กซ์,โฉมปี 1989-2000 (Z32),
917,NISSAN,นิสสัน,350Z,350ซี,โฉมปี 2002-2008 (Z33),
918,NISSAN,นิสสัน,370Z,370ซี,โฉมปี 2008-2020 (Z34),
919,NISSAN,นิสสัน,ALMERA,อัลเมร่า,-,
920,NISSAN,นิสสัน,ALMERA,อัลเมร่า,โฉมปี 2000-2010 (N16),
921,NISSAN,นิสสัน,ALMERA,อัลเมร่า,โฉมปี 2011-2016 (N17),ECO_CAR
922,NISSAN,นิสสัน,ALMERA,อัลเมร่า,โฉมปี 2019-2023 (N18),
923,NISSAN,นิสสัน,ARMADA,อาร์มาดา,โฉมปี 2004-2015 (WA60),
924,NISSAN,นิสสัน,ATLAS,แอทลาส,-,
925,NISSAN,นิสสัน,AVENIR,เอฟเนอร์,-,
926,NISSAN,นิสสัน,BASSARA,แบสซาร่า,-,
927,NISSAN,นิสสัน,BIG-M,บิ๊ก-เอ็ม,-,
928,NISSAN,นิสสัน,BIG-M,บิ๊ก-เอ็ม,"โฉมปี 1989-1997 (D21)(2WD, 4WD)",
929,NISSAN,นิสสัน,BLUEBIRD,บูลเบิร์ด,-,
930,NISSAN,นิสสัน,BLUEBIRD,บูลเบิร์ด,โฉมปี 1968-1976 ,
931,NISSAN,นิสสัน,BLUEBIRD,บูลเบิร์ด,โฉมปี 1976-1979 (810),
932,NISSAN,นิสสัน,BLUEBIRD,บูลเบิร์ด,โฉมปี 1979-1984 (910),
933,NISSAN,นิสสัน,BLUEBIRD,บูลเบิร์ด,"โฉมปี 1984-1992 (U11, U12)",
934,NISSAN,นิสสัน,BLUEBIRD,บูลเบิร์ด,โฉมปี 1993-1997 (U13),
935,NISSAN,นิสสัน,CARAVAN,คาราวาน,"โฉมปี 1973-1980 (E20, E21, E22)",
936,NISSAN,นิสสัน,CARAVAN,คาราวาน,โฉมปี 1975-1986 (E23),
937,NISSAN,นิสสัน,CARAVAN,คาราวาน,โฉมปี 1986-2001 (E24),
938,NISSAN,นิสสัน,CARAVAN,คาราวาน,โฉมปี 2001-2012 (E25),
939,NISSAN,นิสสัน,CARAVAN,คาราวาน,โฉมปี 2012-2022 (E26),
940,NISSAN,นิสสัน,CEDRIC,ซีดริค,โฉมปี 1999-2004,
941,NISSAN,นิสสัน,CEFIRO,เซฟิโร่,-,
942,NISSAN,นิสสัน,CEFIRO,เซฟิโร่,โฉมปี 1990-1995 (A31),
943,NISSAN,นิสสัน,CEFIRO,เซฟิโร่,โฉมปี 1996-2002 (A32),
944,NISSAN,นิสสัน,CEFIRO,เซฟิโร่,โฉมปี 2001-2004 (A33),
945,NISSAN,นิสสัน,CIVILIAN,ซิวิเลียน,-,
946,NISSAN,นิสสัน,CUBE,คิวบ์,-,
947,NISSAN,นิสสัน,CUBE,คิวบ์,โฉมปี 2005-2008,
948,NISSAN,นิสสัน,CUBE,คิวบ์,โฉมปี 2009-2014,
949,NISSAN,นิสสัน,CYCLONE,ไซโคลน,โฉมปี 1989-1995 (L200),
950,NISSAN,นิสสัน,ELGRAND,เอลแกรนด์,โฉมปี 2010-2019,
951,NISSAN,นิสสัน,FIGARO,ฟิกาโร่,โฉมปี 1991-1992,
952,NISSAN,นิสสัน,FRONTIER,ฟรอนเทียร์,-,
953,NISSAN,นิสสัน,FRONTIER,ฟรอนเทียร์,"โฉมปี 1997-2004 (D22)(2WD, 4WD) ",
954,NISSAN,นิสสัน,JUKE,จู๊ค,-,
955,NISSAN,นิสสัน,JUKE,จู๊ค,โฉมปี 2010-2016 (F15),SUV B-SEGMENT
956,NISSAN,นิสสัน,LARGO,ลาร์โก,-,
957,NISSAN,นิสสัน,LAUREL,ลอย์เรล,-,
958,NISSAN,นิสสัน,LIVINA,ลิวินา,โฉมปี 2014-2017,
959,NISSAN,นิสสัน,MARCH,มาร์ช,-,
960,NISSAN,นิสสัน,MARCH,มาร์ช,โฉมปี 2007-2013 (K12),
961,NISSAN,นิสสัน,MARCH,มาร์ช,โฉมปี 2010-2016 (K13),ECO_CAR
962,NISSAN,นิสสัน,MICRA,ไมคร้า,-,
963,NISSAN,นิสสัน,MICRA,ไมคร้า,โฉมปี 1983-1992 (K10),
964,NISSAN,นิสสัน,MURANO,มูราโน,โฉมปี 2003-2007 (Z50),
965,NISSAN,นิสสัน,MURANO,มูราโน,โฉมปี 2009-2014 (Z51),
966,NISSAN,นิสสัน,NAVARA,นาวาร่า,-,
967,NISSAN,นิสสัน,NAVARA,นาวาร่า,โฉมปี 1997-2004 (2WD),
968,NISSAN,นิสสัน,NAVARA,นาวาร่า,"โฉมปี 2004-2013 (D40)(2WD, 4WD,  CALIBRE ยกสูง)",Pick up
969,NISSAN,นิสสัน,NAVARA,นาวาร่า,"โฉมปี 2014-ปัจจุบัน (NP300 D23)(2WD, 4WD, CALIBRE ยกสูง)",PICK UP
970,NISSAN,นิสสัน,NOTE,โน๊ต,โฉมปี 2017-2021 (E12),B-SEGMENT (CITY CAR)
971,NISSAN,นิสสัน,NV,เอ็นวี,-,
972,NISSAN,นิสสัน,NV,เอ็นวี,โฉมปี 1995-2002,(SEDAN) C-SEGMENT
973,NISSAN,นิสสัน,NX,เอ็นเอ๊กซ์,-,
974,NISSAN,นิสสัน,PATHFINDER,แพทไฟเดอร์,-,
975,NISSAN,นิสสัน,PATHFINDER,แพทไฟเดอร์,โฉมปี 1995-2004 (R50),
976,NISSAN,นิสสัน,PATHFINDER,แพทไฟเดอร์,โฉมปี 2005-2012 (R51),
977,NISSAN,นิสสัน,PATROL,แพทโทรล์,-,
978,NISSAN,นิสสัน,PRAIRIE,ไพรรีย์,-,
979,NISSAN,นิสสัน,PRESAGE,"พรีเสจ
",-,
980,NISSAN,นิสสัน,PRESEA,พรีเซีย,-,
981,NISSAN,นิสสัน,PRESEA,พรีเซีย,โฉมปี 1990-1995 (R10),
982,NISSAN,นิสสัน,PRESEA,พรีเซีย,โฉมปี 1995-2000 (R11),
983,NISSAN,นิสสัน,PRIMERA,พรีเมียร่า,-,
984,NISSAN,นิสสัน,PRIMERA,พรีเมียร่า,โฉมปี 1990-1996 (P10),
985,NISSAN,นิสสัน,PRIMERA,พรีเมียร่า,โฉมปี 1997-1999,
986,NISSAN,นิสสัน,PRIMERA,พรีเมียร่า,โฉมปี 2001-2007 (P12),
987,NISSAN,นิสสัน,PULSAR,พัลซ่าร์,-,
988,NISSAN,นิสสัน,PULSAR,พัลซ่าร์,โฉมปี 2013-2018 (C12),(SEDAN) C-SEGMENT
989,NISSAN,นิสสัน,QUEST,เควส,-,
990,NISSAN,นิสสัน,SENTRA,เซนทร่า,-,
991,NISSAN,นิสสัน,SENTRA,เซนทร่า,โฉมปี 1981-1985,
992,NISSAN,นิสสัน,SENTRA,เซนทร่า,โฉมปี 1985-1990,
993,NISSAN,นิสสัน,SENTRA,เซนทร่า,โฉมปี 1990-1994,
994,NISSAN,นิสสัน,SENTRA,เซนทร่า,โฉมปี 1992-1996,
995,NISSAN,นิสสัน,SERENA,เซเรน่า,-,
996,NISSAN,นิสสัน,SILVIA,ซิลเวีย,-,
997,NISSAN,นิสสัน,SILVIA,ซิลเวีย,โฉมปี 1989-1993 (S13),
998,NISSAN,นิสสัน,SILVIA,ซิลเวีย,โฉมปี 1993-1999 (S14),
999,NISSAN,นิสสัน,SILVIA,ซิลเวีย,โฉมปี 1999-2002 (S15),
1000,NISSAN,นิสสัน,SKYLINE,สกายไลน์,-,
1001,NISSAN,นิสสัน,SKYLINE,สกายไลน์,โฉมปี 1981-1990 (R30),
1002,NISSAN,นิสสัน,SKYLINE,สกายไลน์,โฉมปี 1985-1990 (R31),
1003,NISSAN,นิสสัน,SKYLINE,สกายไลน์,โฉมปี 1989-1994 (R32),
1004,NISSAN,นิสสัน,SKYLINE,สกายไลน์,โฉมปี 1993-1998 (R33),
1005,NISSAN,นิสสัน,SKYLINE,สกายไลน์,โฉมปี 1998-2002 (R34),
1006,NISSAN,นิสสัน,SKYLINE,สกายไลน์,โฉมปี 2002-2007 (R35),
1007,NISSAN,นิสสัน,STAGEA,สตาเกีย,-,
1008,NISSAN,นิสสัน,STANZA,สแตนซา,-,
1009,NISSAN,นิสสัน,SUNNY,ซันนี่,-,
1010,NISSAN,นิสสัน,SUNNY,ซันนี่,โฉมปี 1975-1977 (B210),
1011,NISSAN,นิสสัน,SUNNY,ซันนี่,โฉมปี 1977-1981 (B310),
1012,NISSAN,นิสสัน,SUNNY,ซันนี่,โฉมปี 1981-1985 (B11),
1013,NISSAN,นิสสัน,SUNNY,ซันนี่,โฉมปี 1985-1990 (B12),
1014,NISSAN,นิสสัน,SUNNY,ซันนี่,โฉมปี 1990-1993 (B13),
1015,NISSAN,นิสสัน,SUNNY,ซันนี่,โฉมปี 1991-1995 (N14),
1016,NISSAN,นิสสัน,SUNNY,ซันนี่,โฉมปี 1993-1998 (B14),(SEDAN) C-SEGMENT
1017,NISSAN,นิสสัน,SUNNY,ซันนี่,โฉมปี 1998-2000 (B15),
1018,NISSAN,นิสสัน,SUNNY,ซันนี่,โฉมปี 2001-2006 (NEO),(SEDAN) C-SEGMENT
1019,NISSAN,นิสสัน,SYLPHY,ซิลฟี่,-,
1020,NISSAN,นิสสัน,SYLPHY,ซิลฟี่,โฉมปี 2012-2016 (B17),(SEDAN) C-SEGMENT
1021,NISSAN,นิสสัน,TEANA,เทียน่า,-,
1022,NISSAN,นิสสัน,TEANA,เทียน่า,โฉมปี 2004-2008 (J31),D-SEGMENT
1023,NISSAN,นิสสัน,TEANA,เทียน่า,โฉมปี 2009-2013 (J32),D-SEGMENT
1024,NISSAN,นิสสัน,TEANA,เทียน่า,โฉมปี 2013-2016 (L33),D-SEGMENT
1025,NISSAN,นิสสัน,TERRA,เทอร์ร่า,โฉมปี 2018-2023 (D23),
1026,NISSAN,นิสสัน,TERRANO,เทอร์ราโน,-,
1027,NISSAN,นิสสัน,TERRANO,เทอร์ราโน,โฉมปี 1985-1995,
1028,NISSAN,นิสสัน,TERRANO,เทอร์ราโน,โฉมปี 1992-2004 (R50),
1029,NISSAN,นิสสัน,TERRANO,เทอร์ราโน,โฉมปี 2013-2016,
1030,NISSAN,นิสสัน,TERRANO,เทอร์ราโน,โฉมปี 2018-2023,
1031,NISSAN,นิสสัน,TERRANO II,เทอร์ราโน 2,โฉมปี 2002-2006 (R20),
1032,NISSAN,นิสสัน,TIIDA,ทีด้า,-,
1033,NISSAN,นิสสัน,TIIDA,ทีด้า,โฉมปี 2006-2012 (C11),B-SEGMENT (CITY CAR)
1034,NISSAN,นิสสัน,URVAN,เออร์แวน,-,
1035,NISSAN,นิสสัน,URVAN,เออร์แวน,โฉมปี 1980-1986 (E23),
1036,NISSAN,นิสสัน,URVAN,เออร์แวน,โฉมปี 1986-2000 (E24),
1037,NISSAN,นิสสัน,URVAN,เออร์แวน,โฉมปี 2001-2012 (E25),VAN
1038,NISSAN,นิสสัน,URVAN,เออร์แวน,โฉมปี 2012-ปัจจุบัน (E26),VAN
1039,NISSAN,นิสสัน,VANETTE,แวนเนต,-,
1040,NISSAN,นิสสัน,VANETTE,แวนเนต,โฉมปี 1985-1994 (C22),
1041,NISSAN,นิสสัน,X-TRAIL,เอ็กซ์-เทรล,-,
1042,NISSAN,นิสสัน,X-TRAIL,เอ็กซ์-เทรล,โฉมปี 2002-2008 (T30),
1043,NISSAN,นิสสัน,X-TRAIL,เอ็กซ์-เทรล,โฉมปี 2008-2013 (T31),
1044,NISSAN,นิสสัน,X-TRAIL,เอ็กซ์-เทรล,โฉมปี 2013-2019 (T32),SUV C-SEGMENT
1045,OPEL,โอเปิ้ล,ASTRA,แอสต้า,-,
1046,OPEL,โอเปิ้ล,CALIBRA,คาลิบร้า,-,
1047,OPEL,โอเปิ้ล,CORSA,คอร์ซ่า,-,
1048,OPEL,โอเปิ้ล,CORSA,คอร์ซ่า,"โฉมปี 1993-1996 (3D,5D)",
1049,OPEL,โอเปิ้ล,OMEGA,โอเมก้า,-,
1050,OPEL,โอเปิ้ล,VECTRA,เวคตร้า,-,
1051,PEUGEOT,เปอร์โย,205,205,-,EURO_CAR
1052,PEUGEOT,เปอร์โย,206,206,-,EURO_CAR
1053,PEUGEOT,เปอร์โย,305,305,-,EURO_CAR
1054,PEUGEOT,เปอร์โย,306,306,-,EURO_CAR
1055,PEUGEOT,เปอร์โย,307,307,-,EURO_CAR
1056,PEUGEOT,เปอร์โย,308,308,-,EURO_CAR
1057,PEUGEOT,เปอร์โย,309,309,-,EURO_CAR
1058,PEUGEOT,เปอร์โย,405,405,-,EURO_CAR
1059,PEUGEOT,เปอร์โย,406,406,-,EURO_CAR
1060,PEUGEOT,เปอร์โย,408,408,-,EURO_CAR
1061,PEUGEOT,เปอร์โย,504,504,-,EURO_CAR
1062,PEUGEOT,เปอร์โย,505,505,-,EURO_CAR
1063,PEUGEOT,เปอร์โย,605,605,-,EURO_CAR
1064,PEUGEOT,เปอร์โย,607,607,-,EURO_CAR
1065,PEUGEOT,เปอร์โย,RCZ,อาร์ซีซี,-,EURO_CAR
1066,PORSCHE,ปอร์เช่,911,911,โฉมปี 1998-2004 (996),SPORTCAR
1067,PORSCHE,ปอร์เช่,911,911,โฉมปี 2005-2012 (997),SPORTCAR
1068,PORSCHE,ปอร์เช่,944,944,โฉมปี 1982-1991,SPORTCAR
1069,PORSCHE,ปอร์เช่,BOXSTER,บ๊๊อคชเตอร์,โฉมปี 1996-2004 (986),SPORTCAR
1070,PORSCHE,ปอร์เช่,BOXSTER,บ๊๊อคชเตอร์,โฉมปี 2005-2012 (987),SPORTCAR
1071,PORSCHE,ปอร์เช่,BOXSTER,บ๊๊อคชเตอร์,โฉมปี 2012-2016 (981),SPORTCAR
1072,PORSCHE,ปอร์เช่,CARRERA,คาร์เรรา,โฉมปี 1994-1998 (993),SPORTCAR
1073,PORSCHE,ปอร์เช่,CARRERA,คาร์เรรา,โฉมปี 1997-2004 (996),SPORTCAR
1074,PORSCHE,ปอร์เช่,CARRERA,คาร์เรรา,โฉมปี 2004-2012 (997),SPORTCAR
1075,PORSCHE,ปอร์เช่,CAYENNE,คาเยนน์,-,SPORTCAR
1076,PORSCHE,ปอร์เช่,CAYENNE,คาเยนน์,โฉมปี 2003-2010 (9PA),SPORTCAR
1077,PORSCHE,ปอร์เช่,CAYENNE,คาเยนน์,โฉมปี 2011-2018 (92A),SPORTCAR
1078,PORSCHE,ปอร์เช่,MACAN,มาคาน,โฉมปี 2014-2020 (95B),SPORTCAR
1079,PORSCHE,ปอร์เช่,PANAMERA,พานาเมร่า,โฉมปี 2010-2016 (970),SPORTCAR
1080,PROTON,โปรตอน,EXORA,เอ็กซ์โซร่า,โฉมปี 2009-2015,
1081,PROTON,โปรตอน,GEN-2,เจน2,โฉมปี 2004-2012,
1082,PROTON,โปรตอน,NEO,นีโอ,โฉมปี 2006-2015,
1083,PROTON,โปรตอน,PERDANA,เพอร์ดานา,โฉมปี 2005-2010,
1084,PROTON,โปรตอน,PERSONA,เพอร์โซน่า,โฉมปี 2008-2015,
1085,PROTON,โปรตอน,PREVE,เพรเว่,โฉมปี 2012-2016,
1086,PROTON,โปรตอน,Prevé,พรีเว่,โฉมปี 2012-2016,
1087,PROTON,โปรตอน,SAGA,ซาก้า,โฉมปี 2008-2016,
1088,PROTON,โปรตอน,SATRIA NEO,ซาเทียร์ นีโอ,โฉมปี 2006-2015,
1089,PROTON,โปรตอน,SAVVY,เซฟวี่,โฉมปี 2005-2011,
1090,RENAULT,เรโนลต์,R19,อาร์19,-,EURO_CAR
1091,RENAULT,เรโนลต์,R21,อาร์21,-,EURO_CAR
1092,RENAULT,เรโนลต์,R9,อาร์9,-,EURO_CAR
1093,RENAULT,เรโนลต์,SAFRANE,ซัฟฟาน,-,EURO_CAR
1094,ROVER,โรเวอร์,110,110,-,EURO_CAR
1095,ROVER,โรเวอร์,600,600,-,EURO_CAR
1096,ROVER,โรเวอร์,623,623,-,EURO_CAR
1097,ROVER,โรเวอร์,800,800,-,EURO_CAR
1098,ROVER,โรเวอร์,820,820,-,EURO_CAR
1099,SAAB,ซ้าบ,93,93,-,EURO_CAR
1100,SAAB,ซ้าบ,95,95,-,EURO_CAR
1101,SAAB,ซ้าบ,900,900,-,EURO_CAR
1102,SAAB,ซ้าบ,9000,9000,-,EURO_CAR
1103,SEAT,เซียต,ALHAMBRA,อัลเลมบรา,-,EURO_CAR
1104,SEAT,เซียต,ALHAMBRA,อัลเลมบรา,โฉมปี 1996-2010 (MK1),EURO_CAR
1105,SEAT,เซียต,CORDOBA,คอร์โดบา,-,EURO_CAR
1106,SEAT,เซียต,CORDOBA,คอร์โดบา,โฉมปี 1993-2002 (6K),EURO_CAR
1107,SEAT,เซียต,FABIA,ฟาเบียง,-,EURO_CAR
1108,SEAT,เซียต,RONDO,รอนโด,-,EURO_CAR
1109,SEAT,เซียต,SHARAN,ซารัน,-,EURO_CAR
1110,SKODA,สโกด้า,OCTAVIA,อ๊อกทาเวีย,โฉมปี 2005-2010 (1U),EURO_CAR
1111,SSANGYONG,ซัมยอง,ACTYON,แอคยอน,-,
1112,SSANGYONG,ซัมยอง,MUSSO,มัสโซ่,-,
1113,SSANGYONG,ซัมยอง,REXTON,เร็กซ์ตัน,-,
1114,SSANGYONG,ซัมยอง,STAVIC,สตาวิค,-,
1115,SSANGYONG,ซัมยอง,STAVIC,สตาวิค,โฉมปี 2004-2012,
1116,SUBARU,ซูบารุ,1100,1100,-,
1117,SUBARU,ซูบารุ,1600,1600,โฉมปี 1979-1984,
1118,SUBARU,ซูบารุ,1800,1800,โฉมปี 1984-1994,
1119,SUBARU,ซูบารุ,BR-Z,บีอาร์ซี,โฉมปี 2012-2020 (ZN6),
1120,SUBARU,ซูบารุ,FORESTER,ฟอร์เรสเตอร์,-,
1121,SUBARU,ซูบารุ,FORESTER,ฟอร์เรสเตอร์,โฉมปี 1997-2002 (SF),
1122,SUBARU,ซูบารุ,FORESTER,ฟอร์เรสเตอร์,โฉมปี 2018-2022 (SK),
1123,SUBARU,ซูบารุ,IMPREZA,อิมเพรสซ่า,-,
1124,SUBARU,ซูบารุ,IMPREZA,อิมเพรสซ่า,โฉมปี 1992-2000(GC),
1125,SUBARU,ซูบารุ,IMPREZA,อิมเพรสซ่า,โฉมปี 2000-2007(GD),
1126,SUBARU,ซูบารุ,JUSTY,จัสตี้,-,
1127,SUBARU,ซูบารุ,LEGACY,เลกาซี่,-,
1128,SUBARU,ซูบารุ,LEGACY,เลกาซี่,โฉมปี 2003-2009(BL),
1129,SUBARU,ซูบารุ,LEONE,เลโอเน่,-,
1130,SUBARU,ซูบารุ,LEONE,เลโอเน่,โฉมปี 1979-1984,
1131,SUBARU,ซูบารุ,OUTBACK,เอาท์แบ็ค,โฉมปี 2014-2019 (BS),
1132,SUBARU,ซูบารุ,XT,เอ๊กซ์ที,-,
1133,SUBARU,ซูบารุ,XV,เอ็กซ์วี,-,
1134,SUBARU,ซูบารุ,XV,เอ็กซ์วี,โฉมปี 2012-2017,
1135,SUBARU,ซูบารุ,XV,เอ็กซ์วี,โฉมปี 2017-2022,
1136,SUZUKI,ซูซูกิ,APPLAUSE,อัพพลอส,-,
1137,SUZUKI,ซูซูกิ,APV,เอพีวี,-,
1138,SUZUKI,ซูซูกิ,APV,เอพีวี,โฉมปี 2004-2008,
1139,SUZUKI,ซูซูกิ,CARRY,แคร์รี่,-,
1140,SUZUKI,ซูซูกิ,CARRY,แคร์รี่,โฉมปี 2007-2015 (ST-20),MINI MPV
1141,SUZUKI,ซูซูกิ,CELERIO,ซีลีริโอ,โฉมปี 2014-ปัจจุบัน,ECO_CAR
1142,SUZUKI,ซูซูกิ,CIAZ,ซีแอสซ์,โฉมปี 2015-2018,ECO_CAR
1143,SUZUKI,ซูซูกิ,CULTUS,คัลตัส,-,
1144,SUZUKI,ซูซูกิ,Caribian,แคริเบียน,-,
1145,SUZUKI,ซูซูกิ,Caribian,แคริเบียน,โฉมปี 1981-1998,
1146,SUZUKI,ซูซูกิ,ERTIGA,เออร์ติก้า,-,
1147,SUZUKI,ซูซูกิ,ERTIGA,เออร์ติก้า,โฉมปี 2012-2018,MINI MPV
1148,SUZUKI,ซูซูกิ,ESTEEM,เอสตีม,โฉมปี 1995-2000,
1149,SUZUKI,ซูซูกิ,FRONTE,ฟรอนเต้,-,
1150,SUZUKI,ซูซูกิ,FRONTE,ฟรอนเต้,โฉมปี 1984-1988 (CB71),
1151,SUZUKI,ซูซูกิ,GRAND VITARA,แกรนด์ วิทารา,-,
1152,SUZUKI,ซูซูกิ,GRAND VITARA,แกรนด์ วิทารา,โฉมปี 2005-2012,
1153,SUZUKI,ซูซูกิ,JIMNY,จิมนี่,-,
1154,SUZUKI,ซูซูกิ,SWIFT,สวิฟท์,-,
1155,SUZUKI,ซูซูกิ,SWIFT,สวิฟท์,โฉมปี 1983-2004,
1156,SUZUKI,ซูซูกิ,SWIFT,สวิฟท์,โฉมปี 1989-2004 (SF),
1157,SUZUKI,ซูซูกิ,SWIFT,สวิฟท์,โฉมปี 2004-2012 (RS415),B-SEGMENT (CITY CAR)
1158,SUZUKI,ซูซูกิ,SWIFT,สวิฟท์,โฉมปี 2012-2016 (ZC72),B-SEGMENT (CITY CAR)
1159,SUZUKI,ซูซูกิ,SWIFT,สวิฟท์,โฉมปี 2018-2023 (A2L),ECO_CAR
1160,SUZUKI,ซูซูกิ,SX4,เอสเอ๊กซ์4,โฉมปี 2010-2014,
1161,SUZUKI,ซูซูกิ,VITARA,วิทาร่า,-,
1162,SUZUKI,ซูซูกิ,VITARA,วิทาร่า,โฉมปี 1988-1992 (TA11),
1163,SUZUKI,ซูซูกิ,VITARA,วิทาร่า,โฉมปี 1992-1998 (TA11),
1164,SUZUKI,ซูซูกิ,VITARA,วิทาร่า,โฉมปี 1999-2004 (SE420),
1165,SUZUKI,ซูซูกิ,WAGON R,วาก้อนอาร์,โฉมปี 1998-2003(MC21S),
1166,SUZUKI,ซูซูกิ,WAGON R,วาก้อนอาร์,โฉมปี 2012-2017(MH34S),
1167,SUZUKI,ซูซูกิ,XL6,เอ็กซ์แอล6,โฉมปี 2019-2024 (NC),
1168,SUZUKI,ซูซูกิ,XL7,เอ็กซ์แอล7,โฉมปี 2020-2025 (NC),
1169,TATA,ทาทา,Superace,ซุเเปอร์เรซ,โฉมปี 2011-2014,
1170,TATA,ทาทา,XENON,ซีนอน,-,
1171,TATA,ทาทา,XENON,ซีนอน,โฉมปี 2007-2019,
1172,TOYOTA,โตโยต้า, CROWN,คราวน์,-,
1173,TOYOTA,โตโยต้า, CROWN,คราวน์,โฉมปี 1967-1974(50),
1174,TOYOTA,โตโยต้า, CROWN,คราวน์,โฉมปี 1971-1974(60),
1175,TOYOTA,โตโยต้า, CROWN,คราวน์,โฉมปี 1974-1979(80),
1176,TOYOTA,โตโยต้า, CROWN,คราวน์,โฉมปี 1979-1982(110),
1177,TOYOTA,โตโยต้า, CROWN,คราวน์,โฉมปี 1983-1987(120),
1178,TOYOTA,โตโยต้า, CROWN,คราวน์,โฉมปี 1987-1991(130),
1179,TOYOTA,โตโยต้า, CROWN,คราวน์,โฉมปี 1987-2000,
1180,TOYOTA,โตโยต้า, CROWN,คราวน์,โฉมปี 1991-1995(140),
1181,TOYOTA,โตโยต้า, CROWN,คราวน์,โฉมปี 1995-2001(150),
1182,TOYOTA,โตโยต้า, CROWN,คราวน์,โฉมปี 2000-2005,
1183,TOYOTA,โตโยต้า, CROWN,คราวน์,โฉมปี 2003-2008(180),
1184,TOYOTA,โตโยต้า, CROWN,คราวน์,โฉมปี 2008-2012(200),
1185,TOYOTA,โตโยต้า, CROWN,คราวน์,โฉมปี 2013-2017,
1186,TOYOTA,โตโยต้า,4RUNNER,4รันเนอร์,-,
1187,TOYOTA,โตโยต้า,4RUNNER,4รันเนอร์,โฉมปี 2009-2022 (N280),
1188,TOYOTA,โตโยต้า,ALPHARD,อัลพาร์ด,-,
1189,TOYOTA,โตโยต้า,ALPHARD,อัลพาร์ด,"โฉมปี 2002-2008 (ANH10, MNH10)",MPV C-SEGMENT
1190,TOYOTA,โตโยต้า,ALPHARD,อัลพาร์ด,โฉมปี 2008-2015 (ANH20),MPV C-SEGMENT
1191,TOYOTA,โตโยต้า,ALPHARD,อัลพาร์ด,โฉมปี 2015-2020 (ANH30),MPV C-SEGMENT
1192,TOYOTA,โตโยต้า,ARISTO,อาริสโต้,-,
1193,TOYOTA,โตโยต้า,AVALON,อเวลอน,-,
1194,TOYOTA,โตโยต้า,AVANZA,อแวนซ่า,-,
1195,TOYOTA,โตโยต้า,AVANZA,อแวนซ่า,"โฉมปี 2004-2011 (F601, F602)",MINI MPV
1196,TOYOTA,โตโยต้า,AVANZA,อแวนซ่า,"โฉมปี 2012-2016 (F651, F652)",MINI MPV
1197,TOYOTA,โตโยต้า,AVENSIS,อเวนซิส,-,
1198,TOYOTA,โตโยต้า,BB,บีบี,โฉมปี 2000-2005 (NCP30),
1199,TOYOTA,โตโยต้า,C-HR,ซี-เอชอาร์,โฉมปี 2017-2021 (AX10),SUV C-SEGMENT
1200,TOYOTA,โตโยต้า,CALDINA,คาลดิน่า,-,
1201,TOYOTA,โตโยต้า,CAMRY,คัมรี่,-,
1202,TOYOTA,โตโยต้า,CAMRY,คัมรี่,โฉมปี 1986-1992 (V20),
1203,TOYOTA,โตโยต้า,CAMRY,คัมรี่,โฉมปี 1993-1997 (SXV10),
1204,TOYOTA,โตโยต้า,CAMRY,คัมรี่,โฉมปี 1996-2001 (SXV20),
1205,TOYOTA,โตโยต้า,CAMRY,คัมรี่,โฉมปี 2002-2006 (ACV30),D-SEGMENT
1206,TOYOTA,โตโยต้า,CAMRY,คัมรี่,"โฉมปี 2006-2011 (ACV40, HYBRID)",D-SEGMENT
1207,TOYOTA,โตโยต้า,CAMRY,คัมรี่,"โฉมปี 2011-2017 (ACV50, HYBRID)",D-SEGMENT
1208,TOYOTA,โตโยต้า,CAMRY,คัมรี่,"โฉมปี 2017-2023 (ACV70, HYBRID)",D-SEGMENT
1209,TOYOTA,โตโยต้า,CARINA,คาริน่า,-,
1210,TOYOTA,โตโยต้า,CELICA,เซลิก้า,-,
1211,TOYOTA,โตโยต้า,CELICA,เซลิก้า,โฉมปี 1977-1981 (TA40),
1212,TOYOTA,โตโยต้า,CELICA,เซลิก้า,โฉมปี 1981-1985 (TA60),
1213,TOYOTA,โตโยต้า,CELICA,เซลิก้า,โฉมปี 1985-1989 (ST162),
1214,TOYOTA,โตโยต้า,CELICA,เซลิก้า,โฉมปี 1989-1993 (AT180),
1215,TOYOTA,โตโยต้า,CELICA,เซลิก้า,"โฉมปี 1993-1999 (AT200, ST200)",
1216,TOYOTA,โตโยต้า,CELICA,เซลิก้า,โฉมปี 1999-2006 (ZZT230),
1217,TOYOTA,โตโยต้า,CELSIOR,เซลซิเออร์,-,
1218,TOYOTA,โตโยต้า,CHASER,เชสเซอร์,-,
1219,TOYOTA,โตโยต้า,COASTER,โคสเตอร์,-,
1220,TOYOTA,โตโยต้า,COMMUTER,คอมมิวเตอร์,-,
1221,TOYOTA,โตโยต้า,COMMUTER,คอมมิวเตอร์,"โฉมปี 2004-2019 (KDH200, KDH222)",VAN
1222,TOYOTA,โตโยต้า,COROLLA,โคโรล่า,-,
1223,TOYOTA,โตโยต้า,COROLLA,โคโรล่า,โฉมปี 1966-1970 (KE10),
1224,TOYOTA,โตโยต้า,COROLLA,โคโรล่า,โฉมปี 1970-1974 (KE20),
1225,TOYOTA,โตโยต้า,COROLLA,โคโรล่า,โฉมปี 1974-1978 (KE30),
1226,TOYOTA,โตโยต้า,COROLLA,โคโรล่า,โฉมปี 1979-1982 (KE70),
1227,TOYOTA,โตโยต้า,COROLLA,โคโรล่า,"โฉมปี 1983-1987 (AE80 , EE80)",
1228,TOYOTA,โตโยต้า,COROLLA,โคโรล่า,โฉมปี 1988-1991 (AE90),
1229,TOYOTA,โตโยต้า,COROLLA,โคโรล่า,"โฉมปี 1991-1994 (AE100 , EE100)",(SEDAN) C-SEGMENT
1230,TOYOTA,โตโยต้า,COROLLA,โคโรล่า,โฉมปี 1995-2002 (AE111),(SEDAN) C-SEGMENT
1231,TOYOTA,โตโยต้า,COROLLA ALTIS,โคโรล่า อัลติส,-,
1232,TOYOTA,โตโยต้า,COROLLA ALTIS,โคโรล่า อัลติส,โฉมปี 2001-2007 (ZZE121),(SEDAN) C-SEGMENT
1233,TOYOTA,โตโยต้า,COROLLA ALTIS,โคโรล่า อัลติส,โฉมปี 2008-2012 (ZZE141),(SEDAN) C-SEGMENT
1234,TOYOTA,โตโยต้า,COROLLA ALTIS,โคโรล่า อัลติส,โฉมปี 2014-2018 (ZRE171),(SEDAN) C-SEGMENT
1235,TOYOTA,โตโยต้า,COROLLA ALTIS,โคโรล่า อัลติส,โฉมปี 2018-2022 (ZRE210),(SEDAN) C-SEGMENT
1236,TOYOTA,โตโยต้า,CORONA,โคโรน่า,-,
1237,TOYOTA,โตโยต้า,CORONA,โคโรน่า,โฉมปี 1963-1973 (RT40-90),
1238,TOYOTA,โตโยต้า,CORONA,โคโรน่า,โฉมปี 1973-1978 (RT100),
1239,TOYOTA,โตโยต้า,CORONA,โคโรน่า,โฉมปี 1978-1982 (TT130),
1240,TOYOTA,โตโยต้า,CORONA,โคโรน่า,โฉมปี 1982-1987 (TT140),
1241,TOYOTA,โตโยต้า,CORONA,โคโรน่า,"โฉมปี 1983-1987 (AT151, ST150)",
1242,TOYOTA,โตโยต้า,CORONA,โคโรน่า,"โฉมปี 1988-1995 (AT170 , ST170)",
1243,TOYOTA,โตโยต้า,CORONA,โคโรน่า,"โฉมปี 1992-1996 (AT190 , ST190 , EXSIOR)",
1244,TOYOTA,โตโยต้า,CRESSIDA,เครสซิด้า,-,
1245,TOYOTA,โตโยต้า,DX,ดีเอ๊กซ์,-,
1246,TOYOTA,โตโยต้า,DYNA,ไดน่า,-,
1247,TOYOTA,โตโยต้า,DYNA,ไดน่า,โฉมปี 1969-1972,
1248,TOYOTA,โตโยต้า,DYNA,ไดน่า,โฉมปี 1977-1984,
1249,TOYOTA,โตโยต้า,DYNA,ไดน่า,โฉมปี 1984-1984,
1250,TOYOTA,โตโยต้า,ECHO,เอ็กโค่,โฉมปี 1999-2006 (XP10),
1251,TOYOTA,โตโยต้า,ESTIMA,เอสติม่า,-,
1252,TOYOTA,โตโยต้า,ESTIMA,เอสติม่า,โฉมปี 1990-1999 (ACR10),
1253,TOYOTA,โตโยต้า,ESTIMA,เอสติม่า,โฉมปี 2000-2005 (ACR30),
1254,TOYOTA,โตโยต้า,ESTIMA,เอสติม่า,โฉมปี 2006-2014 (ACR50),
1255,TOYOTA,โตโยต้า,FOLKLIFT,โฟล์คลิฟท์,-,
1256,TOYOTA,โตโยต้า,FORTUNER,ฟอร์จูนเนอร์,-,
1257,TOYOTA,โตโยต้า,FORTUNER,ฟอร์จูนเนอร์,โฉมปี 2004-2015 (KUN60),PPV
1258,TOYOTA,โตโยต้า,FORTUNER,ฟอร์จูนเนอร์,โฉมปี 2015-2019 (KUN160),PPV
1259,TOYOTA,โตโยต้า,GAIA,ไกอา,-,
1260,TOYOTA,โตโยต้า,GRANVIA,แกรนเวีย,-,
1261,TOYOTA,โตโยต้า,GRANVIA,แกรนเวีย,โฉมปี 1995-2002,
1262,TOYOTA,โตโยต้า,GT-86,จีที-86,โฉมปี 2012-2021 (ZN6),
1263,TOYOTA,โตโยต้า,HARRIER,แฮริเออร์,-,
1264,TOYOTA,โตโยต้า,HARRIER,แฮริเออร์,โฉมปี 1997-2003 (ACU10),
1265,TOYOTA,โตโยต้า,HARRIER,แฮริเออร์,โฉมปี 2003-2013 (ACU30),
1266,TOYOTA,โตโยต้า,HARRIER,แฮริเออร์,โฉมปี 2014-2017 (ACU60),
1267,TOYOTA,โตโยต้า,HIACE,ไฮเอซ,-,
1268,TOYOTA,โตโยต้า,HIACE,ไฮเอซ,โฉมปี 1977-1985,
1269,TOYOTA,โตโยต้า,HIACE,ไฮเอซ,โฉมปี 1982-1989 (LH61),
1270,TOYOTA,โตโยต้า,HIACE,ไฮเอซ,โฉมปี 1989-2004 (LH125),
1271,TOYOTA,โตโยต้า,HIACE,ไฮเอซ,โฉมปี 1990-1993 (LH112/YH112),
1272,TOYOTA,โตโยต้า,HIGHLANDER,ไฮแลนเดอร์,-,
1273,TOYOTA,โตโยต้า,HIJET ,ไฮเจ็ท,-,
1274,TOYOTA,โตโยต้า,HILUX,ไฮลักซ์,-,
1275,TOYOTA,โตโยต้า,HILUX,ไฮลักซ์,โฉมปี 1968-1973 (RN10),
1276,TOYOTA,โตโยต้า,HILUX,ไฮลักซ์,โฉมปี 1972-1978 (RN20),
1277,TOYOTA,โตโยต้า,HILUX,ไฮลักซ์,"โฉมปี 1979-1982 (RN30, RN40)",
1278,TOYOTA,โตโยต้า,HILUX HERO,ไฮลักซ์ ฮีโร่,โฉมปี 1983-1988,
1279,TOYOTA,โตโยต้า,HILUX LN40,ไฮลักซ์ แอลเอ็น40,โฉมปี 1978-1983,
1280,TOYOTA,โตโยต้า,HILUX MIGHTY-X,ไฮลักซ์ ไมตี้-เอ็กซ์,-,
1281,TOYOTA,โตโยต้า,HILUX MIGHTY-X,ไฮลักซ์ ไมตี้-เอ็กซ์,"โฉมปี 1988-1997 (Mighty-X, 4WD)",
1282,TOYOTA,โตโยต้า,HILUX REVO,ไฮลักซ์ รีโว่,-,PICK UP
1283,TOYOTA,โตโยต้า,HILUX REVO,ไฮลักซ์ รีโว่,"โฉมปี 2016-2018 (Revo, 4WD, Pre-Runner ยกสูง)",PICK UP
1284,TOYOTA,โตโยต้า,HILUX TIGER,ไฮลักซ์ ไทเกอร์,-,
1285,TOYOTA,โตโยต้า,HILUX TIGER,ไฮลักซ์ ไทเกอร์,"โฉมปี 1998-2002 (Tiger, 4WD, Pre-Runner ยกสูง)",PICK UP
1286,TOYOTA,โตโยต้า,HILUX VIGO,ไฮลักซ์ วีโก้,-,PICK UP
1287,TOYOTA,โตโยต้า,HILUX VIGO,ไฮลักซ์ วีโก้,"โฉมปี 2003-2016 (Vigo 2WD, 4WD, Pre-Runner ยกสูง)",PICK UP
1288,TOYOTA,โตโยต้า,INNOVA,อินโนว่า,-,
1289,TOYOTA,โตโยต้า,INNOVA,อินโนว่า,โฉมปี 2004-2015,PPV
1290,TOYOTA,โตโยต้า,INNOVA,อินโนว่า,โฉมปี 2015-ปัจจุบัน,PPV
1291,TOYOTA,โตโยต้า,LAND CRUISER,แลนด์ ครุยเซอร์,-,
1292,TOYOTA,โตโยต้า,LAND CRUISER,แลนด์ ครุยเซอร์,โฉมปี 1960-1984 (J40),
1293,TOYOTA,โตโยต้า,LAND CRUISER,แลนด์ ครุยเซอร์,โฉมปี 1980-1990 (J60),
1294,TOYOTA,โตโยต้า,LAND CRUISER,แลนด์ ครุยเซอร์,โฉมปี 1990-1997 (J80),
1295,TOYOTA,โตโยต้า,LAND CRUISER,แลนด์ ครุยเซอร์,โฉมปี 1998-2007 (J100),
1296,TOYOTA,โตโยต้า,LAND CRUISER,แลนด์ ครุยเซอร์,โฉมปี 2008-2021 (J200),
1297,TOYOTA,โตโยต้า,LAND CRUISER PRADO,แลนด์ ครุยเซอร์ พราโด้,-,
1298,TOYOTA,โตโยต้า,LAND CRUISER PRADO,แลนด์ ครุยเซอร์ พราโด้,โฉมปี 1990-1996 (70),
1299,TOYOTA,โตโยต้า,LAND CRUISER PRADO,แลนด์ ครุยเซอร์ พราโด้,โฉมปี 1996-2002 (90),PPV
1300,TOYOTA,โตโยต้า,LAND CRUISER PRADO,แลนด์ ครุยเซอร์ พราโด้,โฉมปี 2002-2009 (J120),
1301,TOYOTA,โตโยต้า,LAND CRUISER PRADO,แลนด์ ครุยเซอร์ พราโด้,โฉมปี 2009-2022 (J150),
1302,TOYOTA,โตโยต้า,LEVIN,เลวิน,โฉมปี 1983-1987 (AE86),
1303,TOYOTA,โตโยต้า,LUCIDA,ลูซิด้า,-,
1304,TOYOTA,โตโยต้า,LUCIDA,ลูซิด้า,โฉมปี 1990-1999,
1305,TOYOTA,โตโยต้า,Liteace,ไลเอท,-,
1306,TOYOTA,โตโยต้า,Liteace,ไลเอท,"โฉมปี 1982-1996 (R20 , R30)",
1307,TOYOTA,โตโยต้า,Liteace,ไลเอท,"โฉมปี 1992-1996 (R20 , R30)",
1308,TOYOTA,โตโยต้า,Liteace,ไลเอท,"โฉมปี 1996-2007 (R40 , R50)",
1309,TOYOTA,โตโยต้า,MARK II,มาร์คทู,-,
1310,TOYOTA,โตโยต้า,MARK II,มาร์คทู,โฉมปี 1968-1972 (T60),
1311,TOYOTA,โตโยต้า,MARK II,มาร์คทู,โฉมปี 1980-1984 (X60),
1312,TOYOTA,โตโยต้า,MARK II,มาร์คทู,โฉมปี 1996-2000 (X100),
1313,TOYOTA,โตโยต้า,MARK II,มาร์คทู,โฉมปี 2000-2004 (X110),
1314,TOYOTA,โตโยต้า,MARK X,มาร์คเท็น,โฉมปี 2004-2009 (X120),
1315,TOYOTA,โตโยต้า,MR2,"เอ็มอาร์2
",-,
1316,TOYOTA,โตโยต้า,NADIA,นาเดีย,-,
1317,TOYOTA,โตโยต้า,NOAH,โนอา,-,
1318,TOYOTA,โตโยต้า,NOAH,โนอา,โฉมปี 2001-2007,
1319,TOYOTA,โตโยต้า,PLATZ,แพลทซ์,-,
1320,TOYOTA,โตโยต้า,PORTE,ปอร์เต้ ,โฉมปี 2005-2015 (AP10),
1321,TOYOTA,โตโยต้า,PRADO,พราโด้,-,
1322,TOYOTA,โตโยต้า,PRADO,พราโด้,โฉมปี 1996-2002,
1323,TOYOTA,โตโยต้า,PREMIO,พรีมีโอ,-,
1324,TOYOTA,โตโยต้า,PRIUS,พรีอุส,-,
1325,TOYOTA,โตโยต้า,PRIUS,พรีอุส,"โฉมปี 1997-2003 (NHW10, NHW11)",
1326,TOYOTA,โตโยต้า,PRIUS,พรีอุส,โฉมปี 2003-2008 (NHW20),
1327,TOYOTA,โตโยต้า,PRIUS,พรีอุส,โฉมปี 2009-2015 (ZVW30),(SEDAN) C-SEGMENT
1328,TOYOTA,โตโยต้า,RAV4,ราฟ4,-,
1329,TOYOTA,โตโยต้า,RAV4,ราฟ4,โฉมปี 1994-2002 (XA10),
1330,TOYOTA,โตโยต้า,RAV4,ราฟ4,โฉมปี 2001-2005 (ACA20),
1331,TOYOTA,โตโยต้า,RAV4,ราฟ4,โฉมปี 2005-2012 (ACA30),
1332,TOYOTA,โตโยต้า,RUSH,รัช,-,
1333,TOYOTA,โตโยต้า,SERA,เซร่า,-,
1334,TOYOTA,โตโยต้า,SIENNA,เซียนนา,-,
1335,TOYOTA,โตโยต้า,SIENNA,เซียนนา,โฉมปี 2004-2010 (XL20),
1336,TOYOTA,โตโยต้า,SIENTA,เซียนต้า,โฉมปี 2015-2020,MINI MPV
1337,TOYOTA,โตโยต้า,SOLUNA,โซลูน่า,-,
1338,TOYOTA,โตโยต้า,SOLUNA,โซลูน่า,โฉมปี 1996-2002 (AL50),B-SEGMENT (CITY CAR)
1339,TOYOTA,โตโยต้า,SPORT RIDER,สปอร์ต ไรเดอร์,-,
1340,TOYOTA,โตโยต้า,SPORT RIDER,สปอร์ต ไรเดอร์,โฉมปี 1998-2002,
1341,TOYOTA,โตโยต้า,STARLET,สตาร์เลท,-,
1342,TOYOTA,โตโยต้า,STARLET,สตาร์เลท,โฉมปี 1984-1989 (EP71),
1343,TOYOTA,โตโยต้า,STARLET,สตาร์เลท,โฉมปี 1989-1995 (EP80),
1344,TOYOTA,โตโยต้า,SUPRA,ซูปร้า,-,
1345,TOYOTA,โตโยต้า,SUPRA,ซูปร้า,โฉมปี 1986-1992 (JZA70),
1346,TOYOTA,โตโยต้า,SUPRA,ซูปร้า,โฉมปี 1993-2002 (JZA80),
1347,TOYOTA,โตโยต้า,SURF,เซิร์ฟ,โฉมปี 1989-1995,
1348,TOYOTA,โตโยต้า,TACOMA,ทาโคม่า,-,
1349,TOYOTA,โตโยต้า,TERCEL,เทอร์เซล,-,
1350,TOYOTA,โตโยต้า,TOWNACE,ทาวน์เอส,-,
1351,TOYOTA,โตโยต้า,TOWNACE NOAH,ทาวน์เอส โนอา,-,
1352,TOYOTA,โตโยต้า,TOYOACE,โทโยเอส,-,
1353,TOYOTA,โตโยต้า,TUNDRA,ทุนดร้า,-,
1354,TOYOTA,โตโยต้า,VELLFIRE,เวลไฟล์,โฉมปี 2008-2015 (ANH20),
1355,TOYOTA,โตโยต้า,VENTURY,เวนจูรี่,"โฉมปี 2004-2019 (KDH200, KDH222)",VAN
1356,TOYOTA,โตโยต้า,VIOS,วีออส,-,
1357,TOYOTA,โตโยต้า,VIOS,วีออส,"โฉมปี 2002-2007 (NCP40, 42)",B-SEGMENT (CITY CAR)
1358,TOYOTA,โตโยต้า,VIOS,วีออส,"โฉมปี 2008-2013 (NCP90, 93)",B-SEGMENT (CITY CAR)
1359,TOYOTA,โตโยต้า,VIOS,วีออส,โฉมปี 2014-2017 (NCP150),B-SEGMENT (CITY CAR)
1360,TOYOTA,โตโยต้า,VISTA,วิสต้า,-,
1361,TOYOTA,โตโยต้า,VITZ,วิทซ์,-,
1362,TOYOTA,โตโยต้า,WISH,วิช,-,
1363,TOYOTA,โตโยต้า,WISH,วิช,โฉมปี 2003-2010 (ANE10),MPV C-SEGMENT
1364,TOYOTA,โตโยต้า,YARIS,ยาริส,-,
1365,TOYOTA,โตโยต้า,YARIS,ยาริส,โฉมปี 2006-2013 (NCP90),B-SEGMENT (CITY CAR)
1366,TOYOTA,โตโยต้า,YARIS,ยาริส,โฉมปี 2014-2017 (NCP150),B-SEGMENT (CITY CAR)
1367,TOYOTA,โตโยต้า,YARIS Ativ,ยาริส เอทีฟ,โฉมปี 2017-2020 (NCP150),ECO_CAR
1368,VOLKSWAGEN,โฟล์คสวาเกน,CARAVILLE,คาราเวลล์,-,EURO_CAR
1369,VOLKSWAGEN,โฟล์คสวาเกน,CARAVILLE,คาราเวลล์,โฉมปี 2004-2016,EURO_CAR
1370,VOLKSWAGEN,โฟล์คสวาเกน,GOLF,กอล์ฟ,-,EURO_CAR
1371,VOLKSWAGEN,โฟล์คสวาเกน,GOLF,กอล์ฟ,โฉมปี 1991-1997 (MK3),EURO_CAR
1372,VOLKSWAGEN,โฟล์คสวาเกน,GOLF,กอล์ฟ,โฉมปี 2012-2018 (MK7),EURO_CAR
1373,VOLKSWAGEN,โฟล์คสวาเกน,NEW BEETLE,นิวบีเทิ้ล,โฉมปี 1998-2011,EURO_CAR
1374,VOLKSWAGEN,โฟล์คสวาเกน,PASSAT,พัสสาท,-,EURO_CAR
1375,VOLKSWAGEN,โฟล์คสวาเกน,PASSAT,พัสสาท,โฉมปี 2005-2015 (B6),EURO_CAR
1376,VOLKSWAGEN,โฟล์คสวาเกน,SCIROCCO,ซีร๊อคโค่,-,EURO_CAR
1377,VOLKSWAGEN,โฟล์คสวาเกน,SCIROCCO,ซีร๊อคโค่,โฉมปี 2008-2017,EURO_CAR
1378,VOLKSWAGEN,โฟล์คสวาเกน,SHARAN,ชาราน,-,EURO_CAR
1379,VOLKSWAGEN,โฟล์คสวาเกน,TIQUAN,ทิกวน,โฉมปี 2007-2016 (5N),EURO_CAR
1380,VOLKSWAGEN,โฟล์คสวาเกน,TIQUAN,ทิกวน,โฉมปี 2016-2021 (AD/BW),EURO_CAR
1381,VOLKSWAGEN,โฟล์คสวาเกน,TOUAREQ,ทัวอ์เรค,โฉมปี 2002-2010 (7L),EURO_CAR
1382,VOLKSWAGEN,โฟล์คสวาเกน,TRANSPORTER,ทรานสปอร์เตอร์,-,EURO_CAR
1383,VOLKSWAGEN,โฟล์คสวาเกน,VENTO,เวนโต้,-,EURO_CAR
1384,VOLVO,วอลโว่,144,144,-,EURO_CAR
1385,VOLVO,วอลโว่,240,240,-,EURO_CAR
1386,VOLVO,วอลโว่,244,244,-,EURO_CAR
1387,VOLVO,วอลโว่,265,265,-,EURO_CAR
1388,VOLVO,วอลโว่,440,440,-,EURO_CAR
1389,VOLVO,วอลโว่,460,460,-,EURO_CAR
1390,VOLVO,วอลโว่,740,740,โฉมปี 1984-1992,EURO_CAR
1391,VOLVO,วอลโว่,760,760,-,EURO_CAR
1392,VOLVO,วอลโว่,850,850,-,EURO_CAR
1393,VOLVO,วอลโว่,850,850,โฉมปี 1992-1997,EURO_CAR
1394,VOLVO,วอลโว่,940,940,-,EURO_CAR
1395,VOLVO,วอลโว่,940,940,โฉมปี 1990-1998,EURO_CAR
1396,VOLVO,วอลโว่,960,960,-,EURO_CAR
1397,VOLVO,วอลโว่,9700,9700,-,EURO_CAR
1398,VOLVO,วอลโว่,C70,ซี70,-,EURO_CAR
1399,VOLVO,วอลโว่,CX90,ซีเอ๊กซ์90,-,EURO_CAR
1400,VOLVO,วอลโว่,S40,เอส40,-,EURO_CAR
1401,VOLVO,วอลโว่,S40,เอส40,โฉมปี 2004-2012,EURO_CAR
1402,VOLVO,วอลโว่,S60,เอส60,-,EURO_CAR
1403,VOLVO,วอลโว่,S60,เอส60,โฉมปี 2001-2010,EURO_CAR
1404,VOLVO,วอลโว่,S60,เอส60,โฉมปี 2011-2018,EURO_CAR
1405,VOLVO,วอลโว่,S70,เอส70,-,EURO_CAR
1406,VOLVO,วอลโว่,S70,เอส70,โฉมปี 1996-2000,EURO_CAR
1407,VOLVO,วอลโว่,S80,เอส80,-,EURO_CAR
1408,VOLVO,วอลโว่,S80,เอส80,โฉมปี 2007-2015,EURO_CAR
1409,VOLVO,วอลโว่,S90,เอส90,-,EURO_CAR
1410,VOLVO,วอลโว่,V40,V40,-,EURO_CAR
1411,VOLVO,วอลโว่,V50,วี50,-,EURO_CAR
1412,VOLVO,วอลโว่,V60,วี60,โฉมปี 2011-2018,EURO_CAR
1413,VOLVO,วอลโว่,V70,วี70,-,EURO_CAR
1414,VOLVO,วอลโว่,V70R,วี70R,-,EURO_CAR
1415,VOLVO,วอลโว่,XC,เอ็กซ์ซี,-,EURO_CAR
1416,VOLVO,วอลโว่,XC60,เอ็กซ์ซี60,-,EURO_CAR
1417,VOLVO,วอลโว่,XC90,เอ็กซ์ซี90,-,EURO_CAR
